Director,2010;Language,Tom Hooper;Genre,en;Rated,PG-13;Writer,Biography, Drama, History;Poster,David Seidler;Response,68413;ID,http://ia.media-imdb.com/images/M/MV5BMzU5MjEwMTg2Nl5BMl5BanBnXkFtZTcwNzM3MTYxNA@@._V1._SX320.jpg;Rating,True;Released,tt1504320;Runtime,8.4;Plot,The King's Speech;Actors,24 Dec 2010;
Director,2010;Language,Steve Antin;Genre,en;Rated,PG-13;Writer,Drama, Musical, Romance;Poster,Steve Antin;Response,9794;ID,http://ia.media-imdb.com/images/M/MV5BMTc4MzEyODI0Ml5BMl5BanBnXkFtZTcwNjIyNDQ4Mw@@._V1._SX320.jpg;Rating,True;Released,tt1126591;Runtime,6.1;Plot,Burlesque;Actors,24 Nov 2010;
Director,2009;Language,Hoyt Yeatman;Genre,de;Rated,PG;Writer,Action, Adventure, Comedy, Family, Fantasy;Poster,Cormac Wibberley, Marianne Wibberley;Response,10562;ID,http://ia.media-imdb.com/images/M/MV5BMTM4NTY3MzY2MV5BMl5BanBnXkFtZTcwMDQ1NTM2Mg@@._V1._SX320.jpg;Rating,True;Released,tt0436339;Runtime,5.0;Plot,G-Force;Actors,24 Jul 2009;
Director,2004;Language,Richard Valverde;Genre,fr;Rated,N/A;Writer,Comedy;Poster,Kader Aoun, Jamel Debbouze;Response,59;ID,N/A;Rating,True;Released,tt0439642;Runtime,7.9;Plot,Jamel 100% Debbouze;Actors,22 Nov 2004;
Director,2004;Language,Danny Leiner;Genre,en;Rated,R;Writer,Adventure, Comedy;Poster,Jon Hurwitz, Hayden Schlossberg;Response,58602;ID,http://ia.media-imdb.com/images/M/MV5BNDQyMTg3Mzk4MV5BMl5BanBnXkFtZTcwMDM4NzUyMQ@@._V1._SX320.jpg;Rating,True;Released,tt0366551;Runtime,7.2;Plot,Harold & Kumar Go to White Castle;Actors,30 Jul 2004;
Director,2006;Language,Zack Snyder;Genre,en;Rated,R;Writer,Action, Fantasy, War;Poster,Zack Snyder, Kurt Johnstad;Response,246571;ID,http://ia.media-imdb.com/images/M/MV5BMjAzNTkzNjcxNl5BMl5BanBnXkFtZTYwNDA4NjE3._V1._SX320.jpg;Rating,True;Released,tt0416449;Runtime,7.8;Plot,300;Actors,9 Mar 2007;
Director,2007;Language,Ridley Scott;Genre,en;Rated,R;Writer,Crime, Drama;Poster,Steven Zaillian, Mark Jacobson;Response,119406;ID,http://ia.media-imdb.com/images/M/MV5BMTkyNzY5MDA5MV5BMl5BanBnXkFtZTcwMjg4MzI3MQ@@._V1._SX320.jpg;Rating,True;Released,tt0765429;Runtime,7.9;Plot,American Gangster;Actors,2 Nov 2007;
Director,2006;Language,Woody Allen;Genre,de;Rated,PG-13;Writer,Comedy, Fantasy, Mystery, Romance;Poster,Woody Allen;Response,31584;ID,http://ia.media-imdb.com/images/M/MV5BMTM2MjYzOTMwNV5BMl5BanBnXkFtZTcwMjM0NTQzMQ@@._V1._SX320.jpg;Rating,True;Released,tt0457513;Runtime,6.8;Plot,Scoop;Actors,15 Sep 2006;
Director,2004;Language,Alexander Payne;Genre,de;Rated,R;Writer,Comedy, Drama, Romance;Poster,Rex Pickett, Alexander Payne;Response,71980;ID,http://ia.media-imdb.com/images/M/MV5BMTU0Mjg3MzkxOV5BMl5BanBnXkFtZTYwNDU1OTY3._V1._SX320.jpg;Rating,True;Released,tt0375063;Runtime,7.8;Plot,Sideways;Actors,21 Jan 2005;
Director,2001;Language,Thomas Gilou;Genre,fr;Rated,15;Writer,Comedy;Poster,Gérard Bitton, Michel Munz;Response,997;ID,http://ia.media-imdb.com/images/M/MV5BMTQzMjE3OTcxNl5BMl5BanBnXkFtZTcwODgzNzAwMQ@@._V1._SX320.jpg;Rating,True;Released,tt0214289;Runtime,6.3;Plot,Would I Lie to You? 2;Actors,7 Feb 2001;
Director,2010;Language,Pierre Morel;Genre,de;Rated,R;Writer,Action, Crime, Thriller;Poster,Adi Hasak, Luc Besson;Response,28911;ID,http://ia.media-imdb.com/images/M/MV5BNDUyMzExOTAyM15BMl5BanBnXkFtZTcwMTU0NjAyMw@@._V1._SX320.jpg;Rating,True;Released,tt1179034;Runtime,6.4;Plot,From Paris with Love;Actors,5 Feb 2010;
Director,2005;Language,Francis Lawrence;Genre,de;Rated,R;Writer,Action, Drama, Fantasy, Horror, Mystery;Poster,Jamie Delano, Garth Ennis;Response,83463;ID,http://ia.media-imdb.com/images/M/MV5BMTE5NDk5NTUyN15BMl5BanBnXkFtZTYwNzUyMDA3._V1._SX320.jpg;Rating,True;Released,tt0360486;Runtime,6.7;Plot,Constantine;Actors,18 Feb 2005;
Director,2010;Language,Phillip Noyce;Genre,en;Rated,PG-13;Writer,Action, Crime, Mystery, Thriller;Poster,Kurt Wimmer;Response,59003;ID,http://ia.media-imdb.com/images/M/MV5BMjIyODA2NDg4NV5BMl5BanBnXkFtZTcwMjg4NDAwMw@@._V1._SX320.jpg;Rating,True;Released,tt0944835;Runtime,6.5;Plot,Salt;Actors,23 Jul 2010;
Director,2009;Language,Guy Ritchie;Genre,de;Rated,PG-13;Writer,Action, Adventure, Crime, Mystery, Thriller;Poster,Michael Robert Johnson, Anthony Peckham;Response,105966;ID,http://ia.media-imdb.com/images/M/MV5BMTg0NjEwNjUxM15BMl5BanBnXkFtZTcwMzk0MjQ5Mg@@._V1._SX320.jpg;Rating,True;Released,tt0988045;Runtime,7.5;Plot,Sherlock Holmes;Actors,25 Dec 2009;
Director,2005;Language,Jason Reitman;Genre,en;Rated,R;Writer,Comedy, Drama;Poster,Jason Reitman, Christopher Buckley;Response,68884;ID,http://ia.media-imdb.com/images/M/MV5BMTI2MDk5MjE4NV5BMl5BanBnXkFtZTYwMjkwNTU3._V1._SX320.jpg;Rating,True;Released,tt0427944;Runtime,7.8;Plot,Thank You for Smoking;Actors,14 Apr 2006;
Director,1998;Language,Peter Berg;Genre,de;Rated,R;Writer,Comedy, Crime, Thriller;Poster,Peter Berg;Response,23380;ID,http://ia.media-imdb.com/images/M/MV5BMTIxODE4OTUxOF5BMl5BanBnXkFtZTcwOTg3NjQyMQ@@._V1._SX320.jpg;Rating,True;Released,tt0124198;Runtime,6.1;Plot,Very Bad Things;Actors,25 Nov 1998;
Director,2008;Language,Rob Cohen;Genre,en;Rated,PG-13;Writer,Action, Adventure, Fantasy, Thriller;Poster,Alfred Gough, Miles Millar;Response,43857;ID,http://ia.media-imdb.com/images/M/MV5BMTU4NDIzMDY1OV5BMl5BanBnXkFtZTcwNjQxMzk3MQ@@._V1._SX320.jpg;Rating,True;Released,tt0859163;Runtime,5.1;Plot,The Mummy: Tomb of the Dragon Emperor;Actors,1 Aug 2008;
Director,2007;Language,Philip G. Atwell;Genre,en;Rated,R;Writer,Action, Crime, Thriller;Poster,Lee Anthony Smith, Gregory J. Bradley;Response,30054;ID,http://ia.media-imdb.com/images/M/MV5BMTgzNTA4MTc3OF5BMl5BanBnXkFtZTcwOTA0ODk0MQ@@._V1._SX320.jpg;Rating,True;Released,tt0499556;Runtime,6.2;Plot,War;Actors,24 Aug 2007;
Director,2007;Language,Frank Oz;Genre,de;Rated,R;Writer,Comedy;Poster,Dean Craig;Response,33435;ID,http://ia.media-imdb.com/images/M/MV5BMjA5NDc1NjUzOV5BMl5BanBnXkFtZTcwMjQ2Njk1MQ@@._V1._SX320.jpg;Rating,True;Released,tt0795368;Runtime,7.3;Plot,Death at a Funeral;Actors,11 Jul 2007;
Director,2008;Language,Timur Bekmambetov;Genre,de;Rated,R;Writer,Action, Crime, Thriller;Poster,Michael Brandt, Derek Haas;Response,111729;ID,http://ia.media-imdb.com/images/M/MV5BNzE2MDIwMjUzNF5BMl5BanBnXkFtZTcwNDY0MzA3MQ@@._V1._SX320.jpg;Rating,True;Released,tt0493464;Runtime,6.8;Plot,Wanted;Actors,27 Jun 2008;
Director,2005;Language,Nigel Cole;Genre,en;Rated,PG-13;Writer,Comedy, Drama, Romance;Poster,Colin Patrick Lynch;Response,18962;ID,http://ia.media-imdb.com/images/M/MV5BMTQyMjU1MTYxNl5BMl5BanBnXkFtZTcwMjI2MjgyMQ@@._V1._SX320.jpg;Rating,True;Released,tt0391304;Runtime,6.4;Plot,A Lot Like Love;Actors,22 Apr 2005;
Director,2008;Language,Justin Chadwick;Genre,en;Rated,PG-13;Writer,Biography, Drama, History, Romance;Poster,Peter Morgan, Philippa Gregory;Response,28090;ID,http://ia.media-imdb.com/images/M/MV5BMTY2NzkyMzY1OF5BMl5BanBnXkFtZTcwMjk1MDU1MQ@@._V1._SX320.jpg;Rating,True;Released,tt0467200;Runtime,6.7;Plot,The Other Boleyn Girl;Actors,29 Feb 2008;
Director,1987;Language,Oliver Stone;Genre,en;Rated,R;Writer,Crime, Drama;Poster,Stanley Weiser, Oliver Stone;Response,41983;ID,http://ia.media-imdb.com/images/M/MV5BMTI1NzczMTUxNV5BMl5BanBnXkFtZTcwODMzMjc1MQ@@._V1._SX320.jpg;Rating,True;Released,tt0094291;Runtime,7.3;Plot,Wall Street;Actors,11 Dec 1987;
Director,2009;Language,Oliver Parker;Genre,en;Rated,R;Writer,Drama, Fantasy, Thriller;Poster,Toby Finlay, Oscar Wilde;Response,11799;ID,http://ia.media-imdb.com/images/M/MV5BMTY5ODc1NjU5N15BMl5BanBnXkFtZTcwMTUyNDg3Mg@@._V1._SX320.jpg;Rating,True;Released,tt1235124;Runtime,6.3;Plot,Dorian Gray;Actors,9 Sep 2009;
Director,1983;Language,Brian De Palma;Genre,de;Rated,R;Writer,Crime, Drama, Thriller;Poster,Oliver Stone;Response,163238;ID,http://ia.media-imdb.com/images/M/MV5BMTQ5NzI3OTQ3NF5BMl5BanBnXkFtZTcwODczMjMzMQ@@._V1._SX320.jpg;Rating,True;Released,tt0086250;Runtime,8.2;Plot,Scarface;Actors,9 Dec 1983;
Director,2008;Language,Michael Patrick King;Genre,de;Rated,R;Writer,Comedy, Drama, Romance;Poster,Michael Patrick King, Candace Bushnell;Response,49010;ID,http://ia.media-imdb.com/images/M/MV5BMTYyMzYxMjM3OF5BMl5BanBnXkFtZTcwNjg2OTA3MQ@@._V1._SX320.jpg;Rating,True;Released,tt1000774;Runtime,5.4;Plot,Sex and the City;Actors,30 May 2008;
Director,2000;Language,Michael Davis;Genre,en;Rated,R;Writer,Comedy, Romance;Poster,Michael Davis;Response,10878;ID,http://ia.media-imdb.com/images/M/MV5BNTM2MzQ3ODE0NF5BMl5BanBnXkFtZTcwODM5NTUyMQ@@._V1._SX320.jpg;Rating,True;Released,tt0214388;Runtime,5.9;Plot,100 Girls;Actors,1 Sep 2000;
Director,2009;Language,Radu Mihaileanu;Genre,de;Rated,PG-13;Writer,Comedy, Drama, Music;Poster,Radu Mihaileanu, Matthew Robbins;Response,4045;ID,http://ia.media-imdb.com/images/M/MV5BMzQxMTEzOTU3NF5BMl5BanBnXkFtZTcwODAyMzI2Mw@@._V1._SX320.jpg;Rating,True;Released,tt1320082;Runtime,7.5;Plot,The Concert;Actors,4 Nov 2009;
Director,2009;Language,Patrick Tatopoulos;Genre,de;Rated,R;Writer,Action, Adventure, Fantasy, Thriller;Poster,Danny McBride, Dirk Blackman;Response,28752;ID,http://ia.media-imdb.com/images/M/MV5BMTg1OTU5ODc0MV5BMl5BanBnXkFtZTcwNDYyMDUwMg@@._V1._SX320.jpg;Rating,True;Released,tt0834001;Runtime,6.5;Plot,Underworld: Rise of the Lycans;Actors,23 Jan 2009;
Director,1981;Language,Jean-Jacques Beineix;Genre,en;Rated,R;Writer,Action, Drama, Mystery, Romance, Thriller, Music;Poster,Daniel Odier, Jean-Jacques Beineix;Response,5632;ID,http://ia.media-imdb.com/images/M/MV5BMTMyMTc4ODgyMl5BMl5BanBnXkFtZTcwMDQ0MjM3MQ@@._V1._SX320.jpg;Rating,True;Released,tt0082269;Runtime,7.2;Plot,Diva;Actors,23 Apr 1982;
Director,2007;Language,Andrew Dominik;Genre,en;Rated,R;Writer,Biography, Crime, Drama, History, Western;Poster,Andrew Dominik, Ron Hansen;Response,61194;ID,http://ia.media-imdb.com/images/M/MV5BMTY2NDI2MTc2NV5BMl5BanBnXkFtZTcwNjA2NTQzMw@@._V1._SX320.jpg;Rating,True;Released,tt0443680;Runtime,7.7;Plot,The Assassination of Jesse James by the Coward Robert Ford;Actors,10 Oct 2007;
Director,2007;Language,Mike Nichols;Genre,en;Rated,R;Writer,Biography, Comedy, Drama, History;Poster,Aaron Sorkin, George Crile;Response,45330;ID,http://ia.media-imdb.com/images/M/MV5BMTgwMDgwMDc4MF5BMl5BanBnXkFtZTYwOTU3MDM4._V1._SX320.jpg;Rating,True;Released,tt0472062;Runtime,7.3;Plot,Charlie Wilson's War;Actors,21 Dec 2007;
Director,2007;Language,David Schwimmer;Genre,en;Rated,PG-13;Writer,Comedy, Romance, Sport;Poster,Michael Ian Black, Simon Pegg;Response,29588;ID,http://ia.media-imdb.com/images/M/MV5BMTgzOTg0NTk5NF5BMl5BanBnXkFtZTcwMjMxNDI2MQ@@._V1._SX320.jpg;Rating,True;Released,tt0425413;Runtime,6.8;Plot,Run, Fatboy, Run;Actors,28 Mar 2008;
Director,1972;Language,Bernardo Bertolucci;Genre,en;Rated,NC-17;Writer,Drama, Romance;Poster,Bernardo Bertolucci, Bernardo Bertolucci;Response,14517;ID,http://ia.media-imdb.com/images/M/MV5BMjE5ODQyMTI0OV5BMl5BanBnXkFtZTcwODgyNTEzNA@@._V1._SX320.jpg;Rating,True;Released,tt0070849;Runtime,7.1;Plot,Last Tango in Paris;Actors,7 Feb 1973;
Director,1995;Language,Michael Mann;Genre,en;Rated,R;Writer,Crime, Drama, Thriller;Poster,Michael Mann;Response,154558;ID,http://ia.media-imdb.com/images/M/MV5BMTM1NDc4ODkxNV5BMl5BanBnXkFtZTcwNTI4ODE3MQ@@._V1._SX320.jpg;Rating,True;Released,tt0113277;Runtime,8.3;Plot,Heat;Actors,15 Dec 1995;
Director,1992;Language,Ron Clements, John Musker;Genre,de;Rated,G;Writer,Animation, Adventure, Family, Fantasy, Musical, Romance;Poster,Ron Clements, John Musker;Response,73287;ID,http://ia.media-imdb.com/images/M/MV5BMTg0NDY5MzM3OF5BMl5BanBnXkFtZTYwNjUzNzM5._V1._SX320.jpg;Rating,True;Released,tt0103639;Runtime,7.8;Plot,Aladdin;Actors,25 Nov 1992;
Director,1979;Language,James Bridges;Genre,en;Rated,PG;Writer,Thriller, Drama;Poster,Mike Gray, T.S. Cook;Response,10398;ID,http://ia.media-imdb.com/images/M/MV5BMjA1MzAwNTMzOF5BMl5BanBnXkFtZTcwNzUxODYyMQ@@._V1._SX320.jpg;Rating,True;Released,tt0078966;Runtime,7.4;Plot,The China Syndrome;Actors,16 Mar 1979;
Director,1998;Language,Masami Hata, Noboru Mitsusawa;Genre,en;Rated,15;Writer,Animation, Action, Comedy, Sport;Poster,Nobuaki Kishima, Hiroshi Toda;Response,363;ID,http://ia.media-imdb.com/images/M/MV5BMTI5NzYxMzMwMF5BMl5BanBnXkFtZTcwNzM2ODYyMQ@@._V1_SX320.jpg;Rating,True;Released,tt0385426;Runtime,8.2;Plot,Initial D;Actors,18 Apr 1998;
Director,1965;Language,Arthur Penn;Genre,en;Rated,Not Rated;Writer,Crime, Drama;Poster,Alan M. Surgal;Response,541;ID,http://ia.media-imdb.com/images/M/MV5BNTQyMjgxNjQ1Nl5BMl5BanBnXkFtZTcwNzc4NjkyMQ@@._V1._SX320.jpg;Rating,True;Released,tt0059447;Runtime,6.6;Plot,Mickey One;Actors,27 Sep 1965;
Director,1993;Language,Jeremiah S. Chechik;Genre,de;Rated,PG;Writer,Comedy, Drama, Romance;Poster,Barry Berman, Lesley McNeil;Response,21286;ID,http://ia.media-imdb.com/images/M/MV5BMTUwMzkyNjIzMl5BMl5BanBnXkFtZTcwMDMyNDcyNA@@._V1._SX320.jpg;Rating,True;Released,tt0106387;Runtime,6.9;Plot,Benny & Joon;Actors,16 Apr 1993;
Director,2007;Language,Brett Morgen;Genre,en;Rated,R;Writer,Documentary, Animation, History, War;Poster,Brett Morgen;Response,815;ID,http://ia.media-imdb.com/images/M/MV5BMTgzNjY5NDkxMF5BMl5BanBnXkFtZTcwNTE1OTc1MQ@@._V1._SX320.jpg;Rating,True;Released,tt0905979;Runtime,7.4;Plot,Chicago 10;Actors,N/A;
Director,2008;Language,Kathryn Bigelow;Genre,de;Rated,R;Writer,Drama, Thriller, War;Poster,Mark Boal;Response,93700;ID,http://ia.media-imdb.com/images/M/MV5BNzEwNzQ1NjczM15BMl5BanBnXkFtZTcwNTk3MTE1Mg@@._V1._SX320.jpg;Rating,True;Released,tt0887912;Runtime,7.8;Plot,The Hurt Locker;Actors,10 Oct 2008;
Director,2007;Language,Sean Penn;Genre,en;Rated,R;Writer,Adventure, Biography, Drama;Poster,Sean Penn, Jon Krakauer;Response,111517;ID,http://ia.media-imdb.com/images/M/MV5BMTAwNDEyODU1MjheQTJeQWpwZ15BbWU2MDc3NDQwNw@@._V1._SX320.jpg;Rating,True;Released,tt0758758;Runtime,8.2;Plot,Into the Wild;Actors,21 Sep 2007;
Director,1995;Language,Irwin Winkler;Genre,en;Rated,PG-13;Writer,Action, Crime, Drama, Thriller;Poster,John D. Brancato, Michael Ferris;Response,25056;ID,http://ia.media-imdb.com/images/M/MV5BMTU0NjA2NzIwOF5BMl5BanBnXkFtZTYwNTExNTg4._V1._SX320.jpg;Rating,True;Released,tt0113957;Runtime,5.6;Plot,The Net;Actors,28 Jul 1995;
Director,1940;Language,Charles Chaplin;Genre,en;Rated,TV-PG;Writer,Comedy, Drama, War;Poster,Charles Chaplin;Response,40166;ID,http://ia.media-imdb.com/images/M/MV5BMjE1OTI0MDU0N15BMl5BanBnXkFtZTcwMTc1MTAwMQ@@._V1._SX320.jpg;Rating,True;Released,tt0032553;Runtime,8.4;Plot,The Great Dictator;Actors,7 Mar 1941;
Director,2009;Language,Rick Jacobson;Genre,de;Rated,R;Writer,Action, Comedy, Crime, Drama, Thriller;Poster,Eric Gruendemann, Rick Jacobson;Response,4497;ID,http://ia.media-imdb.com/images/M/MV5BMTk0OTAzOTY2NF5BMl5BanBnXkFtZTcwMzcwMzM4MQ@@._V1._SX320.jpg;Rating,True;Released,tt1212974;Runtime,4.7;Plot,Bitch Slap;Actors,6 Nov 2009;
Director,2003;Language,Len Wiseman;Genre,de;Rated,Not Rated;Writer,Action, Fantasy, Thriller;Poster,Kevin Grevioux, Len Wiseman;Response,69369;ID,http://ia.media-imdb.com/images/M/MV5BMjIxNDExNDEyMV5BMl5BanBnXkFtZTcwODY1OTkxMw@@._V1._SX320.jpg;Rating,True;Released,tt0320691;Runtime,6.8;Plot,Underworld;Actors,19 Sep 2003;
Director,2004;Language,Philippe Martinez;Genre,de;Rated,R;Writer,Action, Adventure;Poster,Mick Davis, Laurent Fellous;Response,4149;ID,http://ia.media-imdb.com/images/M/MV5BMjA3NDYxOTIyMl5BMl5BanBnXkFtZTcwNDA2MDYyMQ@@._V1._SX320.jpg;Rating,True;Released,tt0367478;Runtime,5.5;Plot,Wake of Death;Actors,19 Jan 2005;
Director,2004;Language,Lasse Spang Olsen;Genre,de;Rated,11;Writer,Action, Comedy;Poster,Kim Bodnia, Lasse Spang Olsen;Response,1044;ID,http://ia.media-imdb.com/images/M/MV5BMTU5NDMyNTc0MV5BMl5BanBnXkFtZTcwNTQzNDQzMQ@@._V1._SX320.jpg;Rating,True;Released,tt0392049;Runtime,5.6;Plot,The Good Cop;Actors,16 Apr 2004;
Director,2009;Language,Jonathan Mostow;Genre,de;Rated,PG-13;Writer,Action, Sci-Fi, Thriller;Poster,Michael Ferris, John D. Brancato;Response,41469;ID,http://ia.media-imdb.com/images/M/MV5BMjEzMTU5OTY0Ml5BMl5BanBnXkFtZTcwMDA0NjA3Mg@@._V1._SX320.jpg;Rating,True;Released,tt0986263;Runtime,6.3;Plot,Surrogates;Actors,25 Sep 2009;
Director,2001;Language,Ben Stiller;Genre,en;Rated,R;Writer,Comedy;Poster,Drake Sather, Ben Stiller;Response,72407;ID,http://ia.media-imdb.com/images/M/MV5BMTIwMjU2MDIwNF5BMl5BanBnXkFtZTcwNjAyNzQyMQ@@._V1._SX320.jpg;Rating,True;Released,tt0196229;Runtime,6.4;Plot,Zoolander;Actors,28 Sep 2001;
Director,2002;Language,John Hyams;Genre,de;Rated,R;Writer,Documentary, Sport;Poster,N/A;Response,777;ID,http://ia.media-imdb.com/images/M/MV5BMTg3MTM4NDU5N15BMl5BanBnXkFtZTcwOTUwMzQyMQ@@._V1._SX320.jpg;Rating,True;Released,tt0320512;Runtime,7.7;Plot,The Smashing Machine;Actors,N/A;
Director,1998;Language,Terry Gilliam;Genre,de;Rated,R;Writer,Drama, Fantasy;Poster,Hunter S. Thompson, Terry Gilliam;Response,85417;ID,http://ia.media-imdb.com/images/M/MV5BMTk4NjQwNTc0OV5BMl5BanBnXkFtZTYwOTQzNTA3._V1._SX320.jpg;Rating,True;Released,tt0120669;Runtime,7.6;Plot,Fear and Loathing in Las Vegas;Actors,22 May 1998;
Director,2010;Language,Colin Levy;Genre,en;Rated,N/A;Writer,Animation, Short, Fantasy;Poster,Martin Lodewijk, Esther Wouda;Response,755;ID,http://ia.media-imdb.com/images/M/MV5BMzc5NTUzNTgzMF5BMl5BanBnXkFtZTcwODcwMzQ5Mw@@._V1._SX320.jpg;Rating,True;Released,tt1727587;Runtime,7.8;Plot,Sintel;Actors,N/A;
Director,2006;Language,Joe Nussbaum;Genre,en;Rated,R;Writer,Comedy;Poster,Adam Herz, Erik Lindsay;Response,17015;ID,http://ia.media-imdb.com/images/M/MV5BMTIyMTkzODAxN15BMl5BanBnXkFtZTcwNTEyOTI0MQ@@._V1._SX320.jpg;Rating,True;Released,tt0808146;Runtime,4.9;Plot,American Pie Presents The Naked Mile;Actors,19 Dec 2006;
Director,2006;Language,Martin Campbell;Genre,de;Rated,PG-13;Writer,Action, Drama, Thriller;Poster,Neal Purvis, Robert Wade;Response,179840;ID,http://ia.media-imdb.com/images/M/MV5BMTM5MjI4NDExNF5BMl5BanBnXkFtZTcwMDM1MjMzMQ@@._V1._SX320.jpg;Rating,True;Released,tt0381061;Runtime,8.0;Plot,Casino Royale;Actors,17 Nov 2006;
Director,2007;Language,Mike Nichols;Genre,de;Rated,R;Writer,Biography, Comedy, Drama, History;Poster,Aaron Sorkin, George Crile;Response,45330;ID,http://ia.media-imdb.com/images/M/MV5BMTgwMDgwMDc4MF5BMl5BanBnXkFtZTYwOTU3MDM4._V1._SX320.jpg;Rating,True;Released,tt0472062;Runtime,7.3;Plot,Charlie Wilson's War;Actors,21 Dec 2007;
Director,2007;Language,Quentin Tarantino;Genre,de;Rated,Not Rated;Writer,Action, Crime, Thriller;Poster,Quentin Tarantino;Response,83255;ID,http://ia.media-imdb.com/images/M/MV5BMTUwMDQxNjIxM15BMl5BanBnXkFtZTcwMzg5MzkwNA@@._V1._SX320.jpg;Rating,True;Released,tt1028528;Runtime,7.2;Plot,Death Proof;Actors,31 May 2007;
Director,1940;Language,John Ford;Genre,en;Rated,N/A;Writer,Drama;Poster,Nunnally Johnson, John Steinbeck;Response,24842;ID,http://ia.media-imdb.com/images/M/MV5BMzgzNjcxNjg2M15BMl5BanBnXkFtZTcwMjQxNDQ3Mg@@._V1._SX320.jpg;Rating,True;Released,tt0032551;Runtime,8.3;Plot,The Grapes of Wrath;Actors,15 Mar 1940;
Director,2007;Language,N/A;Genre,en;Rated,TV-14;Writer,Comedy;Poster,Chuck Lorre, Bill Prady;Response,8163;ID,http://ia.media-imdb.com/images/M/MV5BMTgwMzM2MTk5N15BMl5BanBnXkFtZTcwNzU4MTAwNA@@._V1._SX320.jpg;Rating,True;Released,tt0898266;Runtime,8.8;Plot,The Big Bang Theory;Actors,N/A;
Director,2006;Language,Richard Loncraine;Genre,de;Rated,PG-13;Writer,Crime, Thriller;Poster,Joe Forte;Response,25754;ID,http://ia.media-imdb.com/images/M/MV5BMTkwOTAyMTkwOV5BMl5BanBnXkFtZTYwMjY2MTM3._V1._SX320.jpg;Rating,True;Released,tt0408345;Runtime,5.8;Plot,Firewall;Actors,10 Feb 2006;
Director,2007;Language,Xavier Gens;Genre,de;Rated,R;Writer,Action, Crime, Drama, Thriller;Poster,Skip Woods;Response,57246;ID,http://ia.media-imdb.com/images/M/MV5BMTI1MzE2Mjc4NV5BMl5BanBnXkFtZTYwMDMwMzM3._V1._SX320.jpg;Rating,True;Released,tt0465494;Runtime,6.2;Plot,Hitman;Actors,21 Nov 2007;
Director,2004;Language,John Hamburg;Genre,en;Rated,PG-13;Writer,Comedy, Romance;Poster,John Hamburg;Response,39962;ID,http://ia.media-imdb.com/images/M/MV5BMTcxMDMwODg3Nl5BMl5BanBnXkFtZTYwMTM4NTY3._V1._SX320.jpg;Rating,True;Released,tt0343135;Runtime,5.8;Plot,Along Came Polly;Actors,16 Jan 2004;
Director,1982;Language,Steven Lisberger;Genre,en;Rated,PG;Writer,Action, Adventure, Sci-Fi, Thriller;Poster,Steven Lisberger, Steven Lisberger;Response,31420;ID,http://ia.media-imdb.com/images/M/MV5BMTY5NjM2MjAwOV5BMl5BanBnXkFtZTYwMTgyMzA5._V1._SX320.jpg;Rating,True;Released,tt0084827;Runtime,6.7;Plot,TRON;Actors,9 Jul 1982;
Director,1985;Language,Terry Gilliam;Genre,de;Rated,R;Writer,Drama, Fantasy, Sci-Fi;Poster,Terry Gilliam, Tom Stoppard;Response,78941;ID,http://ia.media-imdb.com/images/M/MV5BMTc0NjkyNjMwOV5BMl5BanBnXkFtZTYwNjQyODk2._V1._SX320.jpg;Rating,True;Released,tt0088846;Runtime,8.0;Plot,Brazil;Actors,18 Dec 1985;
Director,2006;Language,Detlev Buck;Genre,de;Rated,12;Writer,Crime, Drama;Poster,Zoran Drvenkar, Gregor Tressnow;Response,1762;ID,N/A;Rating,True;Released,tt0475317;Runtime,7.1;Plot,Tough Enough;Actors,9 Mar 2006;
Director,2008;Language,Nicholas Stoller;Genre,en;Rated,R;Writer,Comedy, Drama, Music, Romance;Poster,Jason Segel;Response,80628;ID,http://ia.media-imdb.com/images/M/MV5BMTYzODgzMjAyM15BMl5BanBnXkFtZTcwMTI3NzI2MQ@@._V1._SX320.jpg;Rating,True;Released,tt0800039;Runtime,7.4;Plot,Forgetting Sarah Marshall;Actors,18 Apr 2008;
Director,2006;Language,Christopher Smith;Genre,de;Rated,R;Writer,Comedy, Horror, Thriller;Poster,James Moran, Christopher Smith;Response,16810;ID,http://ia.media-imdb.com/images/M/MV5BMTM0Mzc1NzEwM15BMl5BanBnXkFtZTcwMTU5ODQ0MQ@@._V1._SX320.jpg;Rating,True;Released,tt0464196;Runtime,6.7;Plot,Severance;Actors,25 Aug 2006;
Director,2006;Language,James McTeigue;Genre,de;Rated,R;Writer,Action, Sci-Fi, Thriller;Poster,Andy Wachowski, Lana Wachowski;Response,242141;ID,http://ia.media-imdb.com/images/M/MV5BOTI5ODc3NzExNV5BMl5BanBnXkFtZTcwNzYxNzQzMw@@._V1._SX320.jpg;Rating,True;Released,tt0434409;Runtime,8.2;Plot,V for Vendetta;Actors,17 Mar 2006;
Director,2008;Language,Erwin Wagenhofer;Genre,en;Rated,13;Writer,Documentary;Poster,Erwin Wagenhofer;Response,673;ID,http://ia.media-imdb.com/images/M/MV5BMTcyMTI2MTkyNV5BMl5BanBnXkFtZTcwMzMxMjQ2Mg@@._V1._SX320.jpg;Rating,True;Released,tt1307963;Runtime,7.3;Plot,Let's Make Money;Actors,30 Oct 2008;
Director,2006;Language,Shawn Levy;Genre,en;Rated,PG;Writer,Action, Adventure, Comedy, Family, Fantasy;Poster,Robert Ben Garant, Thomas Lennon;Response,70934;ID,http://ia.media-imdb.com/images/M/MV5BMTQyOTM4MDMxN15BMl5BanBnXkFtZTcwODg5NTQzMw@@._V1._SX320.jpg;Rating,True;Released,tt0477347;Runtime,6.4;Plot,Night at the Museum;Actors,22 Dec 2006;
Director,2005;Language,Jesse V. Johnson;Genre,de;Rated,R;Writer,Action;Poster,Jesse V. Johnson;Response,638;ID,http://ia.media-imdb.com/images/M/MV5BMTU3MjU3ODIyN15BMl5BanBnXkFtZTcwNTQ3NTgyMQ@@._V1._SX320.jpg;Rating,True;Released,tt0396096;Runtime,4.5;Plot,Pit Fighter;Actors,23 May 2008;
Director,2010;Language,Darren Aronofsky;Genre,de;Rated,R;Writer,Drama, Mystery, Thriller;Poster,Mark Heyman, Andres Heinz;Response,111630;ID,http://ia.media-imdb.com/images/M/MV5BNzY2NzI4OTE5MF5BMl5BanBnXkFtZTcwMjMyNDY4Mw@@._V1._SX320.jpg;Rating,True;Released,tt0947798;Runtime,8.5;Plot,Black Swan;Actors,17 Dec 2010;
Director,2009;Language,Lasse Hallström;Genre,en;Rated,G;Writer,Drama, Family;Poster,Stephen P. Lindsey, Kaneto Shindô;Response,14356;ID,http://ia.media-imdb.com/images/M/MV5BMTAxMDA2MjM4NDReQTJeQWpwZ15BbWU3MDE0NTgxMTM@._V1._SX320.jpg;Rating,True;Released,tt1028532;Runtime,8.1;Plot,Hachi: A Dog's Tale;Actors,8 Aug 2009;
Director,2008;Language,Michel Gondry;Genre,de;Rated,PG-13;Writer,Comedy, Drama;Poster,Michel Gondry;Response,44330;ID,http://ia.media-imdb.com/images/M/MV5BMTU4MjY2MTU2MV5BMl5BanBnXkFtZTYwNjUzODc4._V1._SX320.jpg;Rating,True;Released,tt0799934;Runtime,6.5;Plot,Be Kind Rewind;Actors,22 Feb 2008;
Director,2007;Language,John Herzfeld;Genre,de;Rated,R;Writer,Action, Crime, Drama, Thriller;Poster,Bob Krakower, Allen Lawrence;Response,4696;ID,http://ia.media-imdb.com/images/M/MV5BMTM5NTYwNzQ2OV5BMl5BanBnXkFtZTcwMjU2MTQ1MQ@@._V1._SX320.jpg;Rating,True;Released,tt0473188;Runtime,5.7;Plot,The Death and Life of Bobby Z;Actors,17 Nov 2007;
Director,2005;Language,Aric Avelino;Genre,en;Rated,R;Writer,Drama;Poster,Steven Bagatourian, Aric Avelino;Response,2043;ID,http://ia.media-imdb.com/images/M/MV5BMTI3NTEwOTI4OV5BMl5BanBnXkFtZTcwOTEzMDQzMQ@@._V1._SX320.jpg;Rating,True;Released,tt0416471;Runtime,6.4;Plot,American Gun;Actors,N/A;
Director,2009;Language,Werner Herzog;Genre,de;Rated,R;Writer,Crime;Poster,William M. Finkelstein, Victor Argo;Response,23676;ID,http://ia.media-imdb.com/images/M/MV5BMTcyMzY0NTMzMF5BMl5BanBnXkFtZTcwMTc1MjY4Mg@@._V1._SX320.jpg;Rating,True;Released,tt1095217;Runtime,6.9;Plot,The Bad Lieutenant: Port of Call - New Orleans;Actors,11 Sep 2009;
Director,2008;Language,Jon Hurwitz, Hayden Schlossberg;Genre,en;Rated,R;Writer,Adventure, Comedy;Poster,Jon Hurwitz, Hayden Schlossberg;Response,44298;ID,http://ia.media-imdb.com/images/M/MV5BMTQ3NTg3OTk0OV5BMl5BanBnXkFtZTcwODAwMzU1MQ@@._V1._SX320.jpg;Rating,True;Released,tt0481536;Runtime,6.7;Plot,Harold & Kumar Escape from Guantanamo Bay;Actors,25 Apr 2008;
Director,2005;Language,David Slade;Genre,de;Rated,R;Writer,Drama, Thriller;Poster,Brian Nelson;Response,48847;ID,http://ia.media-imdb.com/images/M/MV5BMTc0MzgzNTI3N15BMl5BanBnXkFtZTcwNDk3MDIzMQ@@._V1._SX320.jpg;Rating,True;Released,tt0424136;Runtime,7.2;Plot,Hard Candy;Actors,12 May 2006;
Director,2005;Language,Rob Zombie;Genre,de;Rated,Unrated;Writer,Crime, Horror, Thriller;Poster,Rob Zombie, Rob Zombie;Response,37614;ID,http://ia.media-imdb.com/images/M/MV5BMjIwMjM1MjM4NV5BMl5BanBnXkFtZTcwNTgyMzUzMw@@._V1._SX320.jpg;Rating,True;Released,tt0395584;Runtime,6.9;Plot,The Devil's Rejects;Actors,22 Jul 2005;
Director,2008;Language,David Gordon Green;Genre,de;Rated,R;Writer,Action, Adventure, Comedy, Crime, Thriller;Poster,Seth Rogen, Evan Goldberg;Response,82897;ID,http://ia.media-imdb.com/images/M/MV5BMTY1MTE4NzAwM15BMl5BanBnXkFtZTcwNzg3Mjg2MQ@@._V1._SX320.jpg;Rating,True;Released,tt0910936;Runtime,7.1;Plot,Pineapple Express;Actors,6 Aug 2008;
Director,2006;Language,Betty Thomas;Genre,de;Rated,PG-13;Writer,Comedy, Romance;Poster,Jeff Lowell;Response,20397;ID,http://ia.media-imdb.com/images/M/MV5BMTI3MDkwODQ3OV5BMl5BanBnXkFtZTcwNTE4NDQzMQ@@._V1._SX320.jpg;Rating,True;Released,tt0455967;Runtime,5.5;Plot,John Tucker Must Die;Actors,28 Jul 2006;
Director,2001;Language,N/A;Genre,en;Rated,TV-14;Writer,Comedy, Drama;Poster,Bill Lawrence;Response,60923;ID,http://ia.media-imdb.com/images/M/MV5BMTk5NTk5NzY5MF5BMl5BanBnXkFtZTcwMTE1MDE0MQ@@._V1._SX320.jpg;Rating,True;Released,tt0285403;Runtime,9.1;Plot,Scrubs;Actors,2 Oct 2001;
Director,1994;Language,Frank Darabont;Genre,en;Rated,R;Writer,Crime, Drama;Poster,Stephen King, Frank Darabont;Response,558704;ID,http://ia.media-imdb.com/images/M/MV5BMTM2NjEyNzk2OF5BMl5BanBnXkFtZTcwNjcxNjUyMQ@@._V1._SX320.jpg;Rating,True;Released,tt0111161;Runtime,9.2;Plot,The Shawshank Redemption;Actors,23 Sep 1994;
Director,1998;Language,Til Schweiger, Granz Henman;Genre,de;Rated,12;Writer,Action, Thriller;Poster,Granz Henman;Response,1610;ID,http://ia.media-imdb.com/images/M/MV5BMjE5NTA4OTk0OV5BMl5BanBnXkFtZTcwMTQ2OTEyMQ@@._V1._SX320.jpg;Rating,True;Released,tt0167132;Runtime,6.6;Plot,Der Eisbär;Actors,12 Nov 1998;
Director,2008;Language,Pierre Morel;Genre,de;Rated,PG-13;Writer,Action, Crime, Drama, Thriller;Poster,Luc Besson, Robert Mark Kamen;Response,118595;ID,http://ia.media-imdb.com/images/M/MV5BMTM4NzQ0OTYyOF5BMl5BanBnXkFtZTcwMDkyNjQyMg@@._V1._SX320.jpg;Rating,True;Released,tt0936501;Runtime,7.9;Plot,Taken;Actors,30 Jan 2009;
Director,2005;Language,Louis Leterrier;Genre,en;Rated,PG-13;Writer,Action, Crime, Thriller;Poster,Luc Besson, Robert Mark Kamen;Response,41997;ID,http://ia.media-imdb.com/images/M/MV5BMTQ5MDM0MTI2N15BMl5BanBnXkFtZTcwNTM5NDczMw@@._V1._SX320.jpg;Rating,True;Released,tt0388482;Runtime,6.1;Plot,Transporter 2;Actors,2 Sep 2005;
Director,2008;Language,Tom Vaughan;Genre,en;Rated,PG-13;Writer,Comedy, Romance;Poster,Dana Fox;Response,36442;ID,http://ia.media-imdb.com/images/M/MV5BMTIxNzMwOTU3OF5BMl5BanBnXkFtZTcwMzk0NTM2MQ@@._V1._SX320.jpg;Rating,True;Released,tt1033643;Runtime,6.0;Plot,What Happens in Vegas;Actors,9 May 2008;
Director,2007;Language,N/A;Genre,en;Rated,N/A;Writer,Action;Poster,N/A;Response,197;ID,N/A;Rating,True;Released,tt0758713;Runtime,4.7;Plot,Mr. and Mrs. Smith;Actors,2007;
Director,2005;Language,N/A;Genre,en;Rated,PG;Writer,Comedy, Romance;Poster,Carter Bays, Craig Thomas;Response,10125;ID,http://ia.media-imdb.com/images/M/MV5BMTUwMTYwMjQ0N15BMl5BanBnXkFtZTcwMTkxMzEzMQ@@._V1._SX320.jpg;Rating,True;Released,tt0460649;Runtime,8.8;Plot,How I Met Your Mother;Actors,19 Sep 2005;
Director,2008;Language,Frank Miller;Genre,en;Rated,PG-13;Writer,Action, Crime, Fantasy, Thriller;Poster,Frank Miller, Will Eisner;Response,27566;ID,http://ia.media-imdb.com/images/M/MV5BNDcyMTc1NzgwNF5BMl5BanBnXkFtZTcwNzUyMDUwMg@@._V1._SX320.jpg;Rating,True;Released,tt0831887;Runtime,4.9;Plot,The Spirit;Actors,25 Dec 2008;
Director,2008;Language,Robert Kenner;Genre,en;Rated,PG;Writer,Documentary;Poster,Robert Kenner, Elise Pearlstein;Response,8923;ID,http://ia.media-imdb.com/images/M/MV5BOTI4MzU3MTIyM15BMl5BanBnXkFtZTcwNzM5MjY0Mg@@._V1._SX320.jpg;Rating,True;Released,tt1286537;Runtime,7.9;Plot,Food, Inc.;Actors,4 Jun 2009;
Director,2007;Language,Martin Gero;Genre,en;Rated,K-15;Writer,Comedy, Drama, Romance;Poster,Aaron Abrams, Martin Gero;Response,9209;ID,http://ia.media-imdb.com/images/M/MV5BMTI1MDA2MzY2NV5BMl5BanBnXkFtZTcwODkxMTA3MQ@@._V1._SX320.jpg;Rating,True;Released,tt0913445;Runtime,6.6;Plot,Young People Fucking;Actors,13 Jun 2008;
Director,1997;Language,Mike Newell;Genre,en;Rated,R;Writer,Crime, Drama, Thriller;Poster,Joseph D. Pistone, Richard Woodley;Response,68603;ID,http://ia.media-imdb.com/images/M/MV5BMjEyNTIyODQ4OV5BMl5BanBnXkFtZTcwNzE5NTc0MQ@@._V1._SX320.jpg;Rating,True;Released,tt0119008;Runtime,7.8;Plot,Donnie Brasco;Actors,28 Feb 1997;
Director,2010;Language,Richard Berry;Genre,de;Rated,16;Writer,Action, Crime, Thriller;Poster,Franz-Olivier Giesbert, Richard Berry;Response,7703;ID,http://ia.media-imdb.com/images/M/MV5BMTk2NjUwNjUzN15BMl5BanBnXkFtZTcwNzY2NjM3Mw@@._V1_SX320.jpg;Rating,True;Released,tt1167638;Runtime,6.6;Plot,22 Bullets;Actors,24 Mar 2010;
Director,2011;Language,Frank Gutermuth, Wolfgang Schoen;Genre,en;Rated,N/A;Writer,Documentary;Poster,Wolfgang Schoen, Frank Gutermuth;Response,6;ID,N/A;Rating,True;Released,tt1827423;Runtime,6.7;Plot,Gladio - Geheimarmeen in Europa;Actors,16 Feb 2011;
Director,2007;Language,Robert Ben Garant;Genre,en;Rated,PG-13;Writer,Action, Comedy, Crime, Romance, Sport;Poster,Thomas Lennon, Robert Ben Garant;Response,19898;ID,http://ia.media-imdb.com/images/M/MV5BMjA3MDQ1Mzc4N15BMl5BanBnXkFtZTcwODI0NTc0MQ@@._V1._SX320.jpg;Rating,True;Released,tt0424823;Runtime,5.2;Plot,Balls of Fury;Actors,29 Aug 2007;
Director,1949;Language,Carol Reed;Genre,en;Rated,N/A;Writer,Film-Noir, Mystery, Thriller;Poster,Graham Greene, Graham Greene;Response,53688;ID,http://ia.media-imdb.com/images/M/MV5BMTM1NDA3NDUyNV5BMl5BanBnXkFtZTcwNTUyNDk5MQ@@._V1._SX320.jpg;Rating,True;Released,tt0041959;Runtime,8.5;Plot,The Third Man;Actors,31 Aug 1949;
Director,2009;Language,Oliver Parker;Genre,de;Rated,R;Writer,Drama, Fantasy, Thriller;Poster,Toby Finlay, Oscar Wilde;Response,11799;ID,http://ia.media-imdb.com/images/M/MV5BMTY5ODc1NjU5N15BMl5BanBnXkFtZTcwMTUyNDg3Mg@@._V1._SX320.jpg;Rating,True;Released,tt1235124;Runtime,6.3;Plot,Dorian Gray;Actors,9 Sep 2009;
Director,2008;Language,Mark Osborne, John Stevenson;Genre,de;Rated,PG;Writer,Animation, Action, Adventure, Comedy, Family;Poster,Jonathan Aibel, Glenn Berger;Response,77247;ID,http://ia.media-imdb.com/images/M/MV5BMTIxOTY1NjUyN15BMl5BanBnXkFtZTcwMjMxMDk1MQ@@._V1._SX320.jpg;Rating,True;Released,tt0441773;Runtime,7.7;Plot,Kung Fu Panda;Actors,6 Jun 2008;
Director,2001;Language,Jean-Pierre Jeunet;Genre,de;Rated,R;Writer,Comedy, Fantasy, Romance;Poster,Guillaume Laurant, Jean-Pierre Jeunet;Response,194773;ID,http://ia.media-imdb.com/images/M/MV5BMTUwNzkwMTk5Nl5BMl5BanBnXkFtZTYwMDAzMDI5._V1._SX320.jpg;Rating,True;Released,tt0211915;Runtime,8.6;Plot,Amélie;Actors,25 Apr 2001;
Director,2009;Language,Jason Reitman;Genre,de;Rated,R;Writer,Drama, Romance;Poster,Jason Reitman, Sheldon Turner;Response,73832;ID,http://ia.media-imdb.com/images/M/MV5BMTI3MzYxMTA4NF5BMl5BanBnXkFtZTcwMDE4ODg3Mg@@._V1._SX320.jpg;Rating,True;Released,tt1193138;Runtime,7.8;Plot,Up in the Air;Actors,23 Dec 2009;
Director,2010;Language,Alex Gibney;Genre,de;Rated,R;Writer,Documentary;Poster,Alex Gibney;Response,503;ID,http://ia.media-imdb.com/images/M/MV5BMjA3MTc2MzM4NV5BMl5BanBnXkFtZTcwMzE5MjYxMw@@._V1._SX320.jpg;Rating,True;Released,tt1540814;Runtime,6.6;Plot,Casino Jack and the United States of Money;Actors,N/A;
Director,2003;Language,Gore Verbinski;Genre,en;Rated,PG-13;Writer,Action, Adventure, Fantasy;Poster,Ted Elliott, Terry Rossio;Response,250132;ID,http://ia.media-imdb.com/images/M/MV5BMjAyNDM4MTc2N15BMl5BanBnXkFtZTYwNDk0Mjc3._V1._SX320.jpg;Rating,True;Released,tt0325980;Runtime,8.0;Plot,Pirates of the Caribbean: The Curse of the Black Pearl;Actors,9 Jul 2003;
Director,2006;Language,Len Wiseman;Genre,de;Rated,R;Writer,Action, Fantasy, Thriller;Poster,Danny McBride, Len Wiseman;Response,50856;ID,http://ia.media-imdb.com/images/M/MV5BMjEzNDY1OTQwOV5BMl5BanBnXkFtZTcwNjcxMTIzMw@@._V1._SX320.jpg;Rating,True;Released,tt0401855;Runtime,6.6;Plot,Underworld: Evolution;Actors,20 Jan 2006;
Director,2007;Language,Robert Rodriguez;Genre,de;Rated,Not Rated;Writer,Action, Horror, Sci-Fi;Poster,Robert Rodriguez;Response,67782;ID,http://ia.media-imdb.com/images/M/MV5BMTI0NDQ5MTM2MV5BMl5BanBnXkFtZTcwOTIwMjk2MQ@@._V1._SX320.jpg;Rating,True;Released,tt1077258;Runtime,7.5;Plot,Planet Terror;Actors,21 Jun 2007;
Director,2004;Language,Edgar Wright;Genre,de;Rated,R;Writer,Comedy, Horror;Poster,Simon Pegg, Edgar Wright;Response,141796;ID,http://ia.media-imdb.com/images/M/MV5BMTU2NjA0NDk0NV5BMl5BanBnXkFtZTcwOTA0OTQzMw@@._V1._SX320.jpg;Rating,True;Released,tt0365748;Runtime,8.0;Plot,Shaun of the Dead;Actors,24 Sep 2004;
Director,2001;Language,John Carpenter;Genre,en;Rated,R;Writer,Action, Horror, Sci-Fi;Poster,Larry Sulkis, John Carpenter;Response,20652;ID,http://ia.media-imdb.com/images/M/MV5BMjE0OTk2ODY4Ml5BMl5BanBnXkFtZTcwNDk1OTAyMQ@@._V1._SX320.jpg;Rating,True;Released,tt0228333;Runtime,4.8;Plot,Ghosts of Mars;Actors,24 Aug 2001;
Director,2010;Language,Jason Friedberg, Aaron Seltzer;Genre,de;Rated,PG-13;Writer,Comedy;Poster,Jason Friedberg, Aaron Seltzer;Response,14159;ID,http://ia.media-imdb.com/images/M/MV5BMTk2MDk0NDU4MF5BMl5BanBnXkFtZTcwNzAyODk2Mw@@._V1._SX320.jpg;Rating,True;Released,tt1666186;Runtime,3.3;Plot,Vampires Suck;Actors,18 Aug 2010;
Director,2007;Language,Peter Webber;Genre,de;Rated,R;Writer,Crime, Thriller;Poster,Thomas Harris, Thomas Harris;Response,30039;ID,http://ia.media-imdb.com/images/M/MV5BMTIzMTA0NTM4NF5BMl5BanBnXkFtZTcwNjY3ODM0MQ@@._V1._SX320.jpg;Rating,True;Released,tt0367959;Runtime,6.0;Plot,Hannibal Rising;Actors,9 Feb 2007;
Director,2006;Language,Clint Eastwood;Genre,de;Rated,R;Writer,Drama, History, War;Poster,William Broyles Jr., Paul Haggis;Response,44622;ID,http://ia.media-imdb.com/images/M/MV5BMTU2MjYxMjMyMF5BMl5BanBnXkFtZTYwMzAwMDc3._V1._SX320.jpg;Rating,True;Released,tt0418689;Runtime,7.1;Plot,Flags of Our Fathers;Actors,20 Oct 2006;
Director,1999;Language,Brad Bird;Genre,en;Rated,PG;Writer,Animation, Action, Adventure, Comedy, Crime, Family, Sci-Fi;Poster,Tim McCanlies, Brad Bird;Response,40749;ID,http://ia.media-imdb.com/images/M/MV5BNDA3MzI4Nzg2OV5BMl5BanBnXkFtZTcwOTM5MzcyMQ@@._V1._SX320.jpg;Rating,True;Released,tt0129167;Runtime,7.9;Plot,The Iron Giant;Actors,6 Aug 1999;
Director,2006;Language,Jay Chandrasekhar;Genre,de;Rated,R;Writer,Comedy;Poster,Jay Chandrasekhar, Kevin Heffernan;Response,24749;ID,http://ia.media-imdb.com/images/M/MV5BMTI4NzYyMDE0OF5BMl5BanBnXkFtZTcwOTIzODczMw@@._V1._SX320.jpg;Rating,True;Released,tt0486551;Runtime,6.1;Plot,Beerfest;Actors,25 Aug 2006;
Director,2006;Language,Bassam Kurdali;Genre,en;Rated,N/A;Writer,Animation, Short, Fantasy, Sci-Fi;Poster,Pepijn Zwanenberg, Andreas Goralczyk;Response,814;ID,http://ia.media-imdb.com/images/M/MV5BMjA1NTIwNDUwNl5BMl5BanBnXkFtZTcwOTM5MzM2MQ@@._V1._SX320.jpg;Rating,True;Released,tt0807840;Runtime,5.8;Plot,Elephants Dream;Actors,4 May 2006;
Director,1999;Language,Gil Junger;Genre,en;Rated,PG-13;Writer,Comedy, Romance;Poster,Karen McCullah Lutz, Kirsten Smith;Response,65093;ID,http://ia.media-imdb.com/images/M/MV5BMTI4MzU5OTc2MF5BMl5BanBnXkFtZTYwNzQxMjc5._V1._SX320.jpg;Rating,True;Released,tt0147800;Runtime,6.9;Plot,10 Things I Hate About You;Actors,31 Mar 1999;
Director,1992;Language,Quentin Tarantino;Genre,de;Rated,TV-MA;Writer,Crime, Mystery, Thriller;Poster,Quentin Tarantino, Roger Avary;Response,225941;ID,http://ia.media-imdb.com/images/M/MV5BMTQxMTAwMDQ3Nl5BMl5BanBnXkFtZTcwODMwNTgzMQ@@._V1._SX320.jpg;Rating,True;Released,tt0105236;Runtime,8.4;Plot,Reservoir Dogs;Actors,23 Oct 1992;
Director,1992;Language,Mark Achbar, Peter Wintonick;Genre,en;Rated,M;Writer,Documentary, Biography, War;Poster,N/A;Response,2159;ID,http://ia.media-imdb.com/images/M/MV5BMTI2NDY5Nzc3NF5BMl5BanBnXkFtZTYwNjEyNTQ5._V1._SX320.jpg;Rating,True;Released,tt0104810;Runtime,8.1;Plot,Manufacturing Consent: Noam Chomsky and the Media;Actors,6 Nov 1992;
Director,2010;Language,Ethan Maniquis, Robert Rodriguez;Genre,de;Rated,R;Writer,Action, Crime, Thriller;Poster,Robert Rodriguez, Álvaro Rodríguez;Response,55518;ID,http://ia.media-imdb.com/images/M/MV5BMTUwNzIwMDY0OF5BMl5BanBnXkFtZTcwMzM3Njg2Mw@@._V1_SX320.jpg;Rating,True;Released,tt0985694;Runtime,7.1;Plot,Machete;Actors,3 Sep 2010;
Director,2007;Language,Andrews Jenkins;Genre,en;Rated,M;Writer,Comedy, Crime, Mystery, Thriller;Poster,Andrews Jenkins;Response,3425;ID,http://ia.media-imdb.com/images/M/MV5BMjA1NDQ0MzMzMF5BMl5BanBnXkFtZTcwNTE4MDA1MQ@@._V1._SX320.jpg;Rating,True;Released,tt0762104;Runtime,6.1;Plot,How to Rob a Bank;Actors,N/A;
Director,2007;Language,Hans Weingartner;Genre,de;Rated,14A;Writer,Drama;Poster,Katharina Held, Hans Weingartner;Response,1705;ID,http://ia.media-imdb.com/images/M/MV5BMjEzMTAyNDA1MF5BMl5BanBnXkFtZTcwODA3NzU4MQ@@._V1._SX320.jpg;Rating,True;Released,tt0810868;Runtime,6.7;Plot,Free Rainer;Actors,15 Nov 2007;
Director,2005;Language,Anders Thomas Jensen;Genre,en;Rated,R;Writer,Comedy, Crime, Drama;Poster,Anders Thomas Jensen;Response,11232;ID,http://ia.media-imdb.com/images/M/MV5BMTM1NjIxMzg3MF5BMl5BanBnXkFtZTcwOTkxOTI0MQ@@._V1._SX320.jpg;Rating,True;Released,tt0418455;Runtime,7.8;Plot,Adam's Apples;Actors,15 Apr 2005;
Director,2006;Language,Marc Forster;Genre,de;Rated,PG-13;Writer,Comedy, Drama, Fantasy, Romance;Poster,Zach Helm;Response,77772;ID,http://ia.media-imdb.com/images/M/MV5BMTY5MjA3MTY2Ml5BMl5BanBnXkFtZTcwNTMzNzYzMw@@._V1._SX320.jpg;Rating,True;Released,tt0420223;Runtime,7.8;Plot,Stranger Than Fiction;Actors,10 Nov 2006;
Director,2005;Language,Garth Jennings;Genre,de;Rated,PG;Writer,Adventure, Comedy, Sci-Fi;Poster,Douglas Adams, Douglas Adams;Response,64281;ID,http://ia.media-imdb.com/images/M/MV5BMjEwOTk4NjU2MF5BMl5BanBnXkFtZTYwMDA3NzI3._V1._SX320.jpg;Rating,True;Released,tt0371724;Runtime,6.6;Plot,The Hitchhiker's Guide to the Galaxy;Actors,29 Apr 2005;
Director,2007;Language,N/A;Genre,en;Rated,TV-MA;Writer,Comedy, Drama;Poster,Tom Kapinos;Response,3884;ID,http://ia.media-imdb.com/images/M/MV5BMTU5MjI3OTg5N15BMl5BanBnXkFtZTcwNjA1NTcxNA@@._V1._SX320.jpg;Rating,True;Released,tt0904208;Runtime,8.8;Plot,Californication;Actors,N/A;
Director,2009;Language,Mark Neveldine, Brian Taylor;Genre,de;Rated,R;Writer,Action, Crime, Thriller;Poster,Mark Neveldine, Brian Taylor;Response,38405;ID,http://ia.media-imdb.com/images/M/MV5BMTQzNTU1ODkxNl5BMl5BanBnXkFtZTcwMDgyODEzMg@@._V1._SX320.jpg;Rating,True;Released,tt1121931;Runtime,6.3;Plot,Crank: High Voltage;Actors,17 Apr 2009;
Director,2008;Language,Martin McDonagh;Genre,en;Rated,R;Writer,Crime, Drama, Thriller;Poster,Martin McDonagh;Response,107489;ID,http://ia.media-imdb.com/images/M/MV5BMTY4OTYxODg4MV5BMl5BanBnXkFtZTcwMDcyNzM2MQ@@._V1._SX320.jpg;Rating,True;Released,tt0780536;Runtime,8.1;Plot,In Bruges;Actors,29 Feb 2008;
Director,2004;Language,Adam Curtis;Genre,en;Rated,N/A;Writer,Documentary;Poster,Adam Curtis;Response,1716;ID,http://ia.media-imdb.com/images/M/MV5BMTY4MDc4MjEzNl5BMl5BanBnXkFtZTcwNTcxMjE2MQ@@._V1._SX320.jpg;Rating,True;Released,tt0430484;Runtime,9.0;Plot,The Power of Nightmares: The Rise of the Politics of Fear;Actors,20 Oct 2004;
Director,2007;Language,Richard LaGravenese;Genre,en;Rated,PG-13;Writer,Drama, Romance;Poster,Richard LaGravenese, Steven Rogers;Response,38020;ID,http://ia.media-imdb.com/images/M/MV5BNTg2MDg4MjI5NV5BMl5BanBnXkFtZTcwMzQ0MDczMw@@._V1._SX320.jpg;Rating,True;Released,tt0431308;Runtime,6.9;Plot,P.S. I Love You;Actors,21 Dec 2007;
Director,2009;Language,Sam Raimi;Genre,de;Rated,PG-13;Writer,Horror;Poster,Sam Raimi, Ivan Raimi;Response,56305;ID,http://ia.media-imdb.com/images/M/MV5BMTYzOTc2NDIwMF5BMl5BanBnXkFtZTcwNzAxMTM2Mg@@._V1._SX320.jpg;Rating,True;Released,tt1127180;Runtime,7.0;Plot,Drag Me to Hell;Actors,29 May 2009;
Director,2010;Language,Stephen Milburn Anderson;Genre,de;Rated,R;Writer,Comedy, Crime, Thriller;Poster,Stephen Milburn Anderson;Response,2802;ID,http://ia.media-imdb.com/images/M/MV5BMTc0NjkxMjM5OF5BMl5BanBnXkFtZTcwODkxNjk0Mg@@._V1._SX320.jpg;Rating,True;Released,tt1106860;Runtime,6.1;Plot,Ca$h;Actors,N/A;
Director,2000;Language,N/A;Genre,en;Rated,TV-14;Writer,Comedy;Poster,Linwood Boomer;Response,16851;ID,http://ia.media-imdb.com/images/M/MV5BMTcwNzUxODM2Nl5BMl5BanBnXkFtZTYwMjYyMzI5._V1._SX320.jpg;Rating,True;Released,tt0212671;Runtime,8.4;Plot,Malcolm in the Middle;Actors,9 Jan 2000;
Director,2008;Language,Doug Liman;Genre,de;Rated,PG-13;Writer,Action, Adventure, Sci-Fi, Thriller;Poster,David S. Goyer, Jim Uhls;Response,74082;ID,http://ia.media-imdb.com/images/M/MV5BMjEwOTkyOTI3M15BMl5BanBnXkFtZTcwNTQxMjU1MQ@@._V1._SX320.jpg;Rating,True;Released,tt0489099;Runtime,5.9;Plot,Jumper;Actors,14 Feb 2008;
Director,2008;Language,Vadim Jean;Genre,en;Rated,Not Rated;Writer,Adventure, Comedy, Family, Fantasy;Poster,Vadim Jean, Terry Pratchett;Response,3430;ID,http://ia.media-imdb.com/images/M/MV5BMTIzMjIyMjkyNV5BMl5BanBnXkFtZTcwNDM0NDAwMg@@._V1._SX320.jpg;Rating,True;Released,tt1079959;Runtime,7.1;Plot,The Color of Magic;Actors,23 Mar 2008;
Director,2010;Language,Lucy Walker;Genre,en;Rated,PG;Writer,Documentary;Poster,N/A;Response,781;ID,http://ia.media-imdb.com/images/M/MV5BMTU0NDA4MzEzNl5BMl5BanBnXkFtZTcwMzEyMjc1Mw@@._V1._SX320.jpg;Rating,True;Released,tt1572769;Runtime,6.7;Plot,Countdown to Zero;Actors,2011;
Director,1942;Language,Michael Curtiz;Genre,en;Rated,N/A;Writer,Drama, Romance, War;Poster,Julius J. Epstein, Philip G. Epstein;Response,177039;ID,http://ia.media-imdb.com/images/M/MV5BMTcwNDI5MjI1Ml5BMl5BanBnXkFtZTYwODE4NDI2._V1._SX320.jpg;Rating,True;Released,tt0034583;Runtime,8.8;Plot,Casablanca;Actors,23 Jan 1943;
Director,2004;Language,Joel Schumacher;Genre,en;Rated,PG-13;Writer,Musical, Romance, Thriller;Poster,Gaston Leroux, Andrew Lloyd Webber;Response,44344;ID,http://ia.media-imdb.com/images/M/MV5BNDczNzg4OTM3MV5BMl5BanBnXkFtZTcwOTQzMTEzMw@@._V1._SX320.jpg;Rating,True;Released,tt0293508;Runtime,7.2;Plot,The Phantom of the Opera;Actors,21 Jan 2005;
Director,2006;Language,Paul McGuigan;Genre,de;Rated,R;Writer,Crime, Thriller;Poster,Jason Smilovic;Response,96219;ID,http://ia.media-imdb.com/images/M/MV5BMzc1OTEwMTk4OF5BMl5BanBnXkFtZTcwMTEzMDQzMQ@@._V1._SX320.jpg;Rating,True;Released,tt0425210;Runtime,7.8;Plot,Lucky Number Slevin;Actors,7 Apr 2006;
Director,2001;Language,N/A;Genre,en;Rated,TV-MA;Writer,Action, Adventure, Drama, History, War;Poster,N/A;Response,79158;ID,http://ia.media-imdb.com/images/M/MV5BMTI3ODc2ODc0M15BMl5BanBnXkFtZTYwMjgzNjc3._V1._SX320.jpg;Rating,True;Released,tt0185906;Runtime,9.6;Plot,Band of Brothers;Actors,9 Sep 2001;
Director,2010;Language,Josh Fox;Genre,en;Rated,N/A;Writer,Documentary;Poster,Josh Fox;Response,1022;ID,http://ia.media-imdb.com/images/M/MV5BNDA5NDc4NTUzMl5BMl5BanBnXkFtZTcwMjcxNDg1Mw@@._V1._SX320.jpg;Rating,True;Released,tt1558250;Runtime,8.0;Plot,GasLand;Actors,17 Jan 2011;
Director,1969;Language,Sam Peckinpah;Genre,en;Rated,R;Writer,Action, Western;Poster,Walon Green, Sam Peckinpah;Response,33004;ID,http://ia.media-imdb.com/images/M/MV5BMTMxODIxMzcyN15BMl5BanBnXkFtZTYwOTU5MzY5._V1._SX320.jpg;Rating,True;Released,tt0065214;Runtime,8.1;Plot,The Wild Bunch;Actors,18 Jun 1969;
Director,1970;Language,Franklin J. Schaffner;Genre,en;Rated,GP;Writer,Biography, Drama, War;Poster,Francis Ford Coppola, Edmund H. North;Response,41675;ID,http://ia.media-imdb.com/images/M/MV5BMTI5ODQ5MDgzNV5BMl5BanBnXkFtZTYwMzA5NzE5._V1._SX320.jpg;Rating,True;Released,tt0066206;Runtime,8.1;Plot,Patton;Actors,2 Apr 1970;
Director,1998;Language,Vincent Ward;Genre,en;Rated,PG-13;Writer,Drama, Fantasy, Romance;Poster,Richard Matheson, Ronald Bass;Response,31669;ID,http://ia.media-imdb.com/images/M/MV5BMTQ1MzA4MTIzOF5BMl5BanBnXkFtZTcwMDMxOTcyMQ@@._V1._SX320.jpg;Rating,True;Released,tt0120889;Runtime,6.6;Plot,What Dreams May Come;Actors,2 Oct 1998;
Director,2004;Language,Luke Greenfield;Genre,en;Rated,R;Writer,Comedy, Drama, Romance;Poster,David Wagner, Brent Goldberg;Response,59629;ID,http://ia.media-imdb.com/images/M/MV5BMTQ0ODIyMzE1N15BMl5BanBnXkFtZTcwODEwODczMw@@._V1._SX320.jpg;Rating,True;Released,tt0265208;Runtime,6.9;Plot,The Girl Next Door;Actors,9 Apr 2004;
Director,2007;Language,Gore Verbinski;Genre,en;Rated,PG-13;Writer,Action, Adventure, Fantasy;Poster,Ted Elliott, Terry Rossio;Response,140724;ID,http://ia.media-imdb.com/images/M/MV5BMjIyNjkxNzEyMl5BMl5BanBnXkFtZTYwMjc3MDE3._V1._SX320.jpg;Rating,True;Released,tt0449088;Runtime,7.0;Plot,Pirates of the Caribbean: At World's End;Actors,25 May 2007;
Director,2008;Language,Chris Bell;Genre,en;Rated,PG-13;Writer,Documentary, Sport;Poster,Chris Bell, Alexander Buono;Response,5206;ID,http://ia.media-imdb.com/images/M/MV5BODEyNzczNTM1MV5BMl5BanBnXkFtZTcwNTI5NTE3MQ@@._V1._SX320.jpg;Rating,True;Released,tt1151309;Runtime,7.7;Plot,Bigger Stronger Faster*;Actors,N/A;
Director,2006;Language,Martin Scorsese;Genre,de;Rated,R;Writer,Crime, Drama, Mystery, Thriller;Poster,William Monahan, Alan Mak;Response,283846;ID,http://ia.media-imdb.com/images/M/MV5BMTI1MTY2OTIxNV5BMl5BanBnXkFtZTYwNjQ4NjY3._V1._SX320.jpg;Rating,True;Released,tt0407887;Runtime,8.5;Plot,The Departed;Actors,6 Oct 2006;
Director,2004;Language,Matthew Vaughn;Genre,de;Rated,R;Writer,Crime, Drama, Thriller;Poster,J.J. Connolly, J.J. Connolly;Response,42163;ID,http://ia.media-imdb.com/images/M/MV5BMTI5MTE1OTAzOV5BMl5BanBnXkFtZTcwNDc2OTgyMQ@@._V1._SX320.jpg;Rating,True;Released,tt0375912;Runtime,7.4;Plot,Layer Cake;Actors,1 Oct 2004;
Director,1995;Language,Martin Scorsese;Genre,en;Rated,NC-17;Writer,Biography, Crime, Drama;Poster,Nicholas Pileggi, Nicholas Pileggi;Response,116469;ID,http://ia.media-imdb.com/images/M/MV5BMTQ0NDk5NDc5OF5BMl5BanBnXkFtZTYwMDYyNDA5._V1._SX320.jpg;Rating,True;Released,tt0112641;Runtime,8.1;Plot,Casino;Actors,22 Nov 1995;
Director,2010;Language,Christopher Nolan;Genre,de;Rated,PG-13;Writer,Action, Mystery, Sci-Fi, Thriller;Poster,Christopher Nolan;Response,331721;ID,http://ia.media-imdb.com/images/M/MV5BMjAxMzY3NjcxNF5BMl5BanBnXkFtZTcwNTI5OTM0Mw@@._V1._SX320.jpg;Rating,True;Released,tt1375666;Runtime,8.9;Plot,Inception;Actors,16 Jul 2010;
Director,2008;Language,Dennis Dugan;Genre,en;Rated,PG-13;Writer,Action, Comedy, Drama;Poster,Adam Sandler, Robert Smigel;Response,56308;ID,http://ia.media-imdb.com/images/M/MV5BMzE2MzEzNDc5M15BMl5BanBnXkFtZTcwMzYxOTA3MQ@@._V1._SX320.jpg;Rating,True;Released,tt0960144;Runtime,5.6;Plot,You Don't Mess with the Zohan;Actors,6 Jun 2008;
Director,2003;Language,Peter Segal;Genre,de;Rated,PG-13;Writer,Comedy;Poster,David Dorfman;Response,60097;ID,http://ia.media-imdb.com/images/M/MV5BMTQ1NTIxMTY5OF5BMl5BanBnXkFtZTYwODI3Mzg5._V1._SX320.jpg;Rating,True;Released,tt0305224;Runtime,6.1;Plot,Anger Management;Actors,11 Apr 2003;
Director,2008;Language,Neil LaBute;Genre,de;Rated,PG-13;Writer,Crime, Drama, Thriller;Poster,David Loughery, Howard Korder;Response,19407;ID,http://ia.media-imdb.com/images/M/MV5BMTI0MzI0NDI4Ml5BMl5BanBnXkFtZTcwOTk4ODk3MQ@@._V1._SX320.jpg;Rating,True;Released,tt0947802;Runtime,6.3;Plot,Lakeview Terrace;Actors,19 Sep 2008;
Director,2000;Language,Andrzej Bartkowiak;Genre,en;Rated,R;Writer,Action, Crime, Drama, Romance, Thriller;Poster,Mitchell Kapner, Eric Bernt;Response,26298;ID,http://ia.media-imdb.com/images/M/MV5BMTI5Nzg1MjA5M15BMl5BanBnXkFtZTYwNzAxNzg2._V1._SX320.jpg;Rating,True;Released,tt0165929;Runtime,5.9;Plot,Romeo Must Die;Actors,22 Mar 2000;
Director,2008;Language,Olivier Megaton;Genre,en;Rated,PG-13;Writer,Action, Adventure, Crime, Thriller;Poster,Luc Besson, Robert Mark Kamen;Response,33195;ID,http://ia.media-imdb.com/images/M/MV5BMTkxNzg1OTU4M15BMl5BanBnXkFtZTcwMjcyMjI5MQ@@._V1._SX320.jpg;Rating,True;Released,tt1129442;Runtime,5.9;Plot,Transporter 3;Actors,26 Nov 2008;
Director,2009;Language,Marc Lawrence;Genre,en;Rated,PG-13;Writer,Comedy, Drama, Romance;Poster,Marc Lawrence;Response,10010;ID,http://ia.media-imdb.com/images/M/MV5BMjUzMDY0NDYzN15BMl5BanBnXkFtZTcwNjgxMDI5Mg@@._V1._SX320.jpg;Rating,True;Released,tt1314228;Runtime,4.4;Plot,Did You Hear About the Morgans?;Actors,18 Dec 2009;
Director,1976;Language,Sidney Lumet;Genre,en;Rated,R;Writer,Drama;Poster,Paddy Chayefsky;Response,36443;ID,http://ia.media-imdb.com/images/M/MV5BMTQ3NzI4NTEzMV5BMl5BanBnXkFtZTcwODcxODkyMQ@@._V1._SX320.jpg;Rating,True;Released,tt0074958;Runtime,8.1;Plot,Network;Actors,29 Jan 1977;
Director,2010;Language,Jesper Huor, Bosse Lindquist;Genre,en;Rated,Btl;Writer,Documentary;Poster,N/A;Response,46;ID,N/A;Rating,True;Released,tt1805516;Runtime,8.0;Plot,WikiRebels: The Documentary;Actors,12 Dec 2010;
Director,2003;Language,Peter Weir;Genre,en;Rated,PG-13;Writer,Action, Adventure, Drama, War;Poster,Patrick O'Brian, Peter Weir;Response,66682;ID,http://ia.media-imdb.com/images/M/MV5BMTI3NzQyNTQ4Ml5BMl5BanBnXkFtZTcwMDE3OTIzMw@@._V1._SX320.jpg;Rating,True;Released,tt0311113;Runtime,7.5;Plot,Master and Commander: The Far Side of the World;Actors,14 Nov 2003;
Director,1999;Language,Joel Schumacher;Genre,de;Rated,R;Writer,Crime, Mystery, Thriller;Poster,Andrew Kevin Walker;Response,49322;ID,http://ia.media-imdb.com/images/M/MV5BMTcxNjA4MDMxNV5BMl5BanBnXkFtZTcwMjUzNDIyMQ@@._V1._SX320.jpg;Rating,True;Released,tt0134273;Runtime,6.3;Plot,8MM;Actors,26 Feb 1999;
Director,2009;Language,Steven Soderbergh;Genre,de;Rated,R;Writer,Comedy, Drama, Thriller;Poster,Scott Z. Burns, Kurt Eichenwald;Response,23818;ID,http://ia.media-imdb.com/images/M/MV5BMTc4MDIyMTM3NV5BMl5BanBnXkFtZTcwNDQ2Nzg2Mg@@._V1._SX320.jpg;Rating,True;Released,tt1130080;Runtime,6.7;Plot,The Informant!;Actors,18 Sep 2009;
Director,2007;Language,Richard Schenkman;Genre,en;Rated,NC-16;Writer,Drama, Sci-Fi;Poster,Jerome Bixby;Response,35122;ID,http://ia.media-imdb.com/images/M/MV5BNjUwMDQ2NTQxMF5BMl5BanBnXkFtZTcwMDQ4NDIzMQ@@._V1._SX320.jpg;Rating,True;Released,tt0756683;Runtime,8.0;Plot,The Man from Earth;Actors,13 Nov 2007;
Director,1994;Language,Tim Burton;Genre,en;Rated,R;Writer,Biography, Comedy, Drama;Poster,Rudolph Grey, Scott Alexander;Response,78343;ID,http://ia.media-imdb.com/images/M/MV5BMTUyMjY1NDM0Ml5BMl5BanBnXkFtZTcwMzA4NjQyMQ@@._V1._SX320.jpg;Rating,True;Released,tt0109707;Runtime,8.1;Plot,Ed Wood;Actors,28 Sep 1994;
Director,2009;Language,Cary Fukunaga;Genre,de;Rated,R;Writer,Adventure, Crime, Drama, Thriller;Poster,Cary Fukunaga;Response,7072;ID,http://ia.media-imdb.com/images/M/MV5BMTkxMTQ0NjgwNV5BMl5BanBnXkFtZTcwNzM5MjIzMg@@._V1._SX320.jpg;Rating,True;Released,tt1127715;Runtime,7.7;Plot,Sin Nombre;Actors,15 May 2009;
Director,2006;Language,Gore Verbinski;Genre,en;Rated,PG-13;Writer,Action, Adventure, Fantasy;Poster,Ted Elliott, Terry Rossio;Response,158338;ID,http://ia.media-imdb.com/images/M/MV5BMTcwODc1MTMxM15BMl5BanBnXkFtZTYwMDg1NzY3._V1._SX320.jpg;Rating,True;Released,tt0383574;Runtime,7.3;Plot,Pirates of the Caribbean: Dead Man's Chest;Actors,7 Jul 2006;
Director,2004;Language,N/A;Genre,en;Rated,TV-14;Writer,Drama, Mystery;Poster,David Shore;Response,6983;ID,http://ia.media-imdb.com/images/M/MV5BNzI1MTM2NzIwOV5BMl5BanBnXkFtZTcwODA4MjM4Mg@@._V1._SX320.jpg;Rating,True;Released,tt0412142;Runtime,9.0;Plot,House M.D.;Actors,N/A;
Director,1975;Language,Terry Gilliam, Terry Jones;Genre,de;Rated,PG;Writer,Adventure, Comedy;Poster,Graham Chapman, John Cleese;Response,163155;ID,http://ia.media-imdb.com/images/M/MV5BMTkzODczMTgwM15BMl5BanBnXkFtZTYwNTAwODI5._V1._SX320.jpg;Rating,True;Released,tt0071853;Runtime,8.4;Plot,Monty Python and the Holy Grail;Actors,10 May 1975;
Director,1999;Language,Cédric Klapisch;Genre,fr;Rated,16;Writer,Drama, Sci-Fi;Poster,Santiago Amigorena, Alexis Galmot;Response,871;ID,http://ia.media-imdb.com/images/M/MV5BMTc2MzQ4Njk5OV5BMl5BanBnXkFtZTcwNjc3MDcxMQ@@._V1._SX320.jpg;Rating,True;Released,tt0189916;Runtime,5.7;Plot,Peut-être;Actors,10 Nov 1999;
Director,2005;Language,F. Gary Gray;Genre,de;Rated,PG-13;Writer,Comedy, Crime;Poster,Elmore Leonard, Peter Steinfeld;Response,33054;ID,http://ia.media-imdb.com/images/M/MV5BMTUxNDc4MzAyNV5BMl5BanBnXkFtZTYwMzQ1NDc2._V1._SX320.jpg;Rating,True;Released,tt0377471;Runtime,5.6;Plot,Be Cool;Actors,4 Mar 2005;
Director,2001;Language,Ridley Scott;Genre,de;Rated,R;Writer,Crime, Drama, Thriller;Poster,Thomas Harris, David Mamet;Response,78342;ID,http://ia.media-imdb.com/images/M/MV5BMjEwODUxNzUzMl5BMl5BanBnXkFtZTYwODg3MzM5._V1._SX320.jpg;Rating,True;Released,tt0212985;Runtime,6.5;Plot,Hannibal;Actors,9 Feb 2001;
Director,2009;Language,James Cameron;Genre,de;Rated,PG-13;Writer,Action, Adventure, Fantasy, Sci-Fi;Poster,James Cameron;Response,292214;ID,http://ia.media-imdb.com/images/M/MV5BMTYwOTEwNjAzMl5BMl5BanBnXkFtZTcwODc5MTUwMw@@._V1._SX320.jpg;Rating,True;Released,tt0499549;Runtime,8.2;Plot,Avatar;Actors,18 Dec 2009;
Director,2009;Language,Niels Arden Oplev;Genre,en;Rated,R;Writer,Crime, Drama, Mystery, Thriller;Poster,Nikolaj Arcel, Rasmus Heisterberg;Response,33685;ID,http://ia.media-imdb.com/images/M/MV5BMTc2Mjc0MDg3MV5BMl5BanBnXkFtZTcwMjUzMDkxMw@@._V1._SX320.jpg;Rating,True;Released,tt1132620;Runtime,7.7;Plot,The Girl with the Dragon Tattoo;Actors,27 Feb 2009;
Director,2000;Language,Nancy Meyers;Genre,en;Rated,PG-13;Writer,Comedy, Fantasy, Romance;Poster,Josh Goldsmith, Cathy Yuspa;Response,57536;ID,http://ia.media-imdb.com/images/M/MV5BMTg2MzI2NjE5OV5BMl5BanBnXkFtZTcwMzY2MTIyMQ@@._V1._SX320.jpg;Rating,True;Released,tt0207201;Runtime,6.3;Plot,What Women Want;Actors,15 Dec 2000;
Director,2010;Language,Sylvester Stallone;Genre,en;Rated,R;Writer,Action, Adventure, Thriller;Poster,Dave Callaham, Sylvester Stallone;Response,76308;ID,http://ia.media-imdb.com/images/M/MV5BNTUwODQyNjM0NF5BMl5BanBnXkFtZTcwNDMwMTU1Mw@@._V1._SX320.jpg;Rating,True;Released,tt1320253;Runtime,6.7;Plot,The Expendables;Actors,13 Aug 2010;
Director,2006;Language,David Bowers, Sam Fell;Genre,de;Rated,PG;Writer,Animation, Adventure, Comedy, Family;Poster,Sam Fell, Peter Lord;Response,22482;ID,http://ia.media-imdb.com/images/M/MV5BMTI1MzE1MDk2N15BMl5BanBnXkFtZTYwMjEwMzI3._V1._SX320.jpg;Rating,True;Released,tt0424095;Runtime,7.0;Plot,Flushed Away;Actors,3 Nov 2006;
Director,1998;Language,Wei Tung;Genre,en;Rated,R;Writer,Action, Comedy;Poster,Hing-Ka Chan, Kam Fu Cheng;Response,2565;ID,http://ia.media-imdb.com/images/M/MV5BMTk2Njk4OTQzNV5BMl5BanBnXkFtZTcwNDI5ODYxMQ@@._V1._SX320.jpg;Rating,True;Released,tt0163818;Runtime,6.0;Plot,Sat sau ji wong;Actors,3 Apr 1998;
Director,1983;Language,N/A;Genre,de;Rated,TV-PG;Writer,Action, Adventure, Crime;Poster,Tom Blomquist, Stephen J. Cannell;Response,7779;ID,http://ia.media-imdb.com/images/M/MV5BMTg4OTY2OTA0MV5BMl5BanBnXkFtZTcwNjcxNzIzMQ@@._V1._SX320.jpg;Rating,True;Released,tt0084967;Runtime,7.6;Plot,The A-Team;Actors,23 Jan 1983;
Director,2000;Language,Christopher McQuarrie;Genre,de;Rated,R;Writer,Action, Crime, Drama, Thriller;Poster,Christopher McQuarrie;Response,17867;ID,http://ia.media-imdb.com/images/M/MV5BMTc0MjAwNTExNV5BMl5BanBnXkFtZTcwNzI4NjEyMQ@@._V1._SX320.jpg;Rating,True;Released,tt0202677;Runtime,6.6;Plot,The Way of the Gun;Actors,8 Sep 2000;
Director,2009;Language,Mimi Leder;Genre,de;Rated,R;Writer,Crime, Thriller;Poster,Ted Humphrey;Response,11129;ID,http://ia.media-imdb.com/images/M/MV5BMTI0MzA0NTYyMl5BMl5BanBnXkFtZTcwNzQyNjYzMg@@._V1._SX320.jpg;Rating,True;Released,tt1112782;Runtime,5.9;Plot,Thick as Thieves;Actors,9 Jan 2009;
Director,2004;Language,Klaus Knoesel;Genre,de;Rated,6;Writer,Comedy, Romance;Poster,Don Bohlinger, Stuart Courtney;Response,83;ID,N/A;Rating,True;Released,tt0404940;Runtime,5.3;Plot,Endlich Sex!;Actors,25 Mar 2004;
Director,2010;Language,Tim Baumann;Genre,en;Rated,N/A;Writer,Drama;Poster,Hendrik Behnisch;Response,5;ID,N/A;Rating,True;Released,tt1669706;Runtime,3.2;Plot,Valkaama;Actors,N/A;
Director,2003;Language,Adrian Shergold;Genre,en;Rated,PG;Writer,Drama, Fantasy, Romance, Thriller;Poster,Russell T. Davies;Response,886;ID,http://ia.media-imdb.com/images/M/MV5BMTIxMzMzMjkwNF5BMl5BanBnXkFtZTcwNjExMDUyMQ@@._V1._SX320.jpg;Rating,True;Released,tt0353104;Runtime,7.5;Plot,The Second Coming;Actors,9 Feb 2003;
Director,1978;Language,Sam Peckinpah;Genre,en;Rated,PG;Writer,Action, Drama, Western;Poster,Bill L. Norton;Response,5400;ID,http://ia.media-imdb.com/images/M/MV5BMTMzNTk5NzkxM15BMl5BanBnXkFtZTcwOTIwNzEzNA@@._V1._SX320.jpg;Rating,True;Released,tt0077369;Runtime,6.0;Plot,Convoy;Actors,10 Aug 1978;
Director,2007;Language,Xavier Gens;Genre,en;Rated,R;Writer,Action, Crime, Drama, Thriller;Poster,Skip Woods;Response,57246;ID,http://ia.media-imdb.com/images/M/MV5BMTI1MzE2Mjc4NV5BMl5BanBnXkFtZTYwMDMwMzM3._V1._SX320.jpg;Rating,True;Released,tt0465494;Runtime,6.2;Plot,Hitman;Actors,21 Nov 2007;
Director,1997;Language,Thomas Gilou;Genre,fr;Rated,15;Writer,Comedy, Romance;Poster,Gérard Bitton, Michel Munz;Response,979;ID,http://ia.media-imdb.com/images/M/MV5BMTgwNDgyNDg3N15BMl5BanBnXkFtZTcwNzI3MzQyMQ@@._V1._SX320.jpg;Rating,True;Released,tt0120471;Runtime,6.0;Plot,La vérité si je mens;Actors,2 Apr 1997;
Director,2007;Language,Paul Thomas Anderson;Genre,en;Rated,R;Writer,Drama, History;Poster,Paul Thomas Anderson, Upton Sinclair;Response,140783;ID,http://ia.media-imdb.com/images/M/MV5BMjAxODQ4MDU5NV5BMl5BanBnXkFtZTcwMDU4MjU1MQ@@._V1._SX320.jpg;Rating,True;Released,tt0469494;Runtime,8.2;Plot,There Will Be Blood;Actors,11 Jan 2008;
Director,1981;Language,Mel Brooks;Genre,en;Rated,R;Writer,Comedy, History, Musical;Poster,Mel Brooks;Response,17188;ID,http://ia.media-imdb.com/images/M/MV5BMTA3ODg4MDY2ODheQTJeQWpwZ15BbWU3MDUzMjY0MzE@._V1._SX320.jpg;Rating,True;Released,tt0082517;Runtime,6.6;Plot,History of the World: Part I;Actors,12 Jun 1981;
Director,1988;Language,Alan Parker;Genre,de;Rated,R;Writer,Crime, Drama, Mystery, Thriller;Poster,Chris Gerolmo;Response,23010;ID,http://ia.media-imdb.com/images/M/MV5BMTk3OTE3OTE4NF5BMl5BanBnXkFtZTcwNzMwNzAyMQ@@._V1._SX320.jpg;Rating,True;Released,tt0095647;Runtime,7.8;Plot,Mississippi Burning;Actors,27 Jan 1989;
Director,2005;Language,Tony Scott;Genre,en;Rated,R;Writer,Action, Crime, Drama, Thriller;Poster,Richard Kelly, Richard Kelly;Response,33858;ID,http://ia.media-imdb.com/images/M/MV5BMTkwOTA5Njc4Ml5BMl5BanBnXkFtZTcwNzg0MzEzMQ@@._V1._SX320.jpg;Rating,True;Released,tt0421054;Runtime,5.9;Plot,Domino;Actors,14 Oct 2005;
Director,2009;Language,Quentin Tarantino;Genre,de;Rated,R;Writer,Adventure, Drama, War;Poster,Quentin Tarantino;Response,203073;ID,http://ia.media-imdb.com/images/M/MV5BMjIzMDI4MTUzOV5BMl5BanBnXkFtZTcwNDY3NjA3Mg@@._V1._SX320.jpg;Rating,True;Released,tt0361748;Runtime,8.4;Plot,Inglourious Basterds;Actors,21 Aug 2009;
Director,2009;Language,Grant Heslov;Genre,en;Rated,R;Writer,Comedy, War;Poster,Peter Straughan, Jon Ronson;Response,39889;ID,http://ia.media-imdb.com/images/M/MV5BMjIwOTQwNzg1MV5BMl5BanBnXkFtZTcwODc4MDU4Mg@@._V1._SX320.jpg;Rating,True;Released,tt1234548;Runtime,6.4;Plot,The Men Who Stare at Goats;Actors,6 Nov 2009;
Director,2008;Language,Jimmy Hayward, Steve Martino;Genre,en;Rated,G;Writer,Animation, Adventure, Comedy, Family;Poster,Ken Daurio, Cinco Paul;Response,33406;ID,http://ia.media-imdb.com/images/M/MV5BMTI3NDA3ODE0N15BMl5BanBnXkFtZTcwNjE0MzU1MQ@@._V1._SX320.jpg;Rating,True;Released,tt0451079;Runtime,7.2;Plot,Horton Hears a Who!;Actors,14 Mar 2008;
Director,1988;Language,Tim Burton;Genre,de;Rated,PG;Writer,Comedy, Fantasy;Poster,Michael McDowell, Larry Wilson;Response,64189;ID,http://ia.media-imdb.com/images/M/MV5BMTMzNzc2MzYzMF5BMl5BanBnXkFtZTYwNzMwMzU5._V1._SX320.jpg;Rating,True;Released,tt0094721;Runtime,7.3;Plot,Beetle Juice;Actors,30 Mar 1988;
Director,2007;Language,Aaron Woolf;Genre,en;Rated,Unrated;Writer,Documentary;Poster,Ian Cheney, Curtis Ellis;Response,824;ID,http://ia.media-imdb.com/images/M/MV5BMzIyMDk4MDE4NF5BMl5BanBnXkFtZTcwODc4MDU1MQ@@._V1._SX320.jpg;Rating,True;Released,tt1112115;Runtime,7.1;Plot,King Corn;Actors,25 Apr 2009;
Director,2006;Language,James McTeigue;Genre,en;Rated,R;Writer,Action, Sci-Fi, Thriller;Poster,Andy Wachowski, Lana Wachowski;Response,242141;ID,http://ia.media-imdb.com/images/M/MV5BOTI5ODc3NzExNV5BMl5BanBnXkFtZTcwNzYxNzQzMw@@._V1._SX320.jpg;Rating,True;Released,tt0434409;Runtime,8.2;Plot,V for Vendetta;Actors,17 Mar 2006;
Director,2006;Language,Sylvester Stallone;Genre,en;Rated,PG;Writer,Drama, Sport;Poster,Sylvester Stallone, Sylvester Stallone;Response,66237;ID,http://ia.media-imdb.com/images/M/MV5BMTM2OTUzNDE3NV5BMl5BanBnXkFtZTcwODczMzkzMQ@@._V1._SX320.jpg;Rating,True;Released,tt0479143;Runtime,7.4;Plot,Rocky Balboa;Actors,20 Dec 2006;
Director,2007;Language,Andrew Waller;Genre,en;Rated,R;Writer,Comedy;Poster,Erik Lindsay, Adam Herz;Response,15078;ID,http://ia.media-imdb.com/images/M/MV5BMTM5NDA5Nzk1N15BMl5BanBnXkFtZTcwOTEyMjU1MQ@@._V1._SX320.jpg;Rating,True;Released,tt0974959;Runtime,5.2;Plot,American Pie Presents Beta House;Actors,26 Dec 2007;
Director,2009;Language,Patrick Alessandrin;Genre,fr;Rated,R;Writer,Action, Sci-Fi;Poster,Luc Besson;Response,7307;ID,http://ia.media-imdb.com/images/M/MV5BMTUyNjY5MDU4MF5BMl5BanBnXkFtZTcwNDAzNzEwMw@@._V1._SX320.jpg;Rating,True;Released,tt1247640;Runtime,6.4;Plot,District 13: Ultimatum;Actors,18 Feb 2009;
Director,2009;Language,Chris Smith;Genre,en;Rated,Unrated;Writer,Documentary;Poster,Michael Ruppert;Response,2107;ID,http://ia.media-imdb.com/images/M/MV5BMzU5MDE5MjE4MV5BMl5BanBnXkFtZTcwMTAzMTQ1Mw@@._V1._SX320.jpg;Rating,True;Released,tt1503769;Runtime,7.9;Plot,Collapse;Actors,N/A;
Director,2002;Language,Jonas Åkerlund;Genre,en;Rated,Open;Writer,Comedy, Crime, Drama;Poster,Will De Los Santos, Creighton Vero;Response,16638;ID,http://ia.media-imdb.com/images/M/MV5BNDY3MDkyNDEzMF5BMl5BanBnXkFtZTYwNDc1NDk5._V1._SX320.jpg;Rating,True;Released,tt0283003;Runtime,6.6;Plot,Spun;Actors,7 Feb 2003;
Director,2003;Language,Kenneth Bowser;Genre,en;Rated,TV-14;Writer,Documentary, History;Poster,Peter Biskind, Kenneth Bowser;Response,1149;ID,http://ia.media-imdb.com/images/M/MV5BMTMyNDI0MjU2OV5BMl5BanBnXkFtZTcwMTY1NDUyMQ@@._V1._SX320.jpg;Rating,True;Released,tt0359203;Runtime,7.5;Plot,Easy Riders, Raging Bulls: How the Sex, Drugs and Rock 'N' Roll Generation Saved Hollywood;Actors,9 Mar 2003;
Director,2007;Language,Michael Blieden;Genre,en;Rated,R;Writer,Documentary, Comedy;Poster,N/A;Response,3962;ID,http://ia.media-imdb.com/images/M/MV5BMTM2OTk1MDI2MF5BMl5BanBnXkFtZTcwNjE3MjU2MQ@@._V1._SX320.jpg;Rating,True;Released,tt1111833;Runtime,6.4;Plot,Super High Me;Actors,20 Apr 2008;
Director,2005;Language,Harold Ramis;Genre,de;Rated,R;Writer,Comedy, Crime, Drama, Thriller;Poster,Richard Russo, Robert Benton;Response,13289;ID,http://ia.media-imdb.com/images/M/MV5BMTcwNzk2MjQyNl5BMl5BanBnXkFtZTcwMjA0MjEzMQ@@._V1._SX320.jpg;Rating,True;Released,tt0400525;Runtime,6.2;Plot,The Ice Harvest;Actors,23 Nov 2005;
Director,2006;Language,Giacomo Martelli;Genre,en;Rated,R;Writer,Crime, Drama, Thriller;Poster,Giacomo Martelli, Giacomo Martelli;Response,729;ID,http://ia.media-imdb.com/images/M/MV5BMTg3MzgxNjg1N15BMl5BanBnXkFtZTcwMDA1NTczMQ@@._V1._SX320.jpg;Rating,True;Released,tt0427461;Runtime,6.2;Plot,The Listening;Actors,28 Apr 2006;
Director,2007;Language,Andrews Jenkins;Genre,de;Rated,M;Writer,Comedy, Crime, Mystery, Thriller;Poster,Andrews Jenkins;Response,3425;ID,http://ia.media-imdb.com/images/M/MV5BMjA1NDQ0MzMzMF5BMl5BanBnXkFtZTcwNTE4MDA1MQ@@._V1._SX320.jpg;Rating,True;Released,tt0762104;Runtime,6.1;Plot,How to Rob a Bank;Actors,N/A;
Director,1973;Language,Gérard Oury;Genre,fr;Rated,G;Writer,Comedy;Poster,Gérard Oury, Danièle Thompson;Response,3582;ID,http://ia.media-imdb.com/images/M/MV5BMTQxMTQ1MDA5OF5BMl5BanBnXkFtZTcwNjU4MjUyMQ@@._V1._SX320.jpg;Rating,True;Released,tt0069747;Runtime,7.3;Plot,The Mad Adventures of 'Rabbi' Jacob;Actors,18 Oct 1973;
Director,2008;Language,Roland Emmerich;Genre,en;Rated,PG-13;Writer,Adventure, Fantasy;Poster,Roland Emmerich, Harald Kloser;Response,48854;ID,http://ia.media-imdb.com/images/M/MV5BMzc2NDMzNDY4Ml5BMl5BanBnXkFtZTYwNzM2Njk3._V1._SX320.jpg;Rating,True;Released,tt0443649;Runtime,4.9;Plot,10,000 BC;Actors,7 Mar 2008;
Director,2006;Language,Gabriele Muccino;Genre,en;Rated,PG-13;Writer,Biography, Drama;Poster,Steve Conrad;Response,83675;ID,http://ia.media-imdb.com/images/M/MV5BMTQ5NjQ0NDI3NF5BMl5BanBnXkFtZTcwNDI0MjEzMw@@._V1._SX320.jpg;Rating,True;Released,tt0454921;Runtime,7.8;Plot,The Pursuit of Happyness;Actors,15 Dec 2006;
Director,2002;Language,Louis Leterrier, Corey Yuen;Genre,en;Rated,PG-13;Writer,Action, Crime, Thriller;Poster,Luc Besson, Robert Mark Kamen;Response,54258;ID,http://ia.media-imdb.com/images/M/MV5BMTcyMTg0NTExN15BMl5BanBnXkFtZTcwMjY2OTIzMw@@._V1._SX320.jpg;Rating,True;Released,tt0293662;Runtime,6.6;Plot,The Transporter;Actors,11 Oct 2002;
Director,2010;Language,Gregor Jordan;Genre,de;Rated,R;Writer,Drama, Thriller;Poster,Peter Woodward;Response,22054;ID,http://ia.media-imdb.com/images/M/MV5BMTAxMDU5Mzk5NTleQTJeQWpwZ15BbWU3MDA2Njk3MzM@._V1._SX320.jpg;Rating,True;Released,tt0914863;Runtime,7.1;Plot,Unthinkable;Actors,26 May 2010;
Director,2008;Language,Peter Berg;Genre,de;Rated,PG-13;Writer,Action, Crime, Fantasy, Sci-Fi;Poster,Vincent Ngo, Vince Gilligan;Response,106829;ID,http://ia.media-imdb.com/images/M/MV5BMTgyMzc4ODU3NV5BMl5BanBnXkFtZTcwNjk5Mzc1MQ@@._V1._SX320.jpg;Rating,True;Released,tt0448157;Runtime,6.5;Plot,Hancock;Actors,2 Jul 2008;
Director,2007;Language,David Fincher;Genre,de;Rated,R;Writer,Crime, Drama, History, Mystery, Thriller;Poster,James Vanderbilt, Robert Graysmith;Response,101204;ID,http://ia.media-imdb.com/images/M/MV5BMTQxNjc2NzAwNF5BMl5BanBnXkFtZTcwMDg3NzMzMw@@._V1._SX320.jpg;Rating,True;Released,tt0443706;Runtime,7.8;Plot,Zodiac;Actors,2 Mar 2007;
Director,2003;Language,Tim Burton;Genre,en;Rated,PG-13;Writer,Adventure, Drama, Fantasy;Poster,Daniel Wallace, John August;Response,150908;ID,http://ia.media-imdb.com/images/M/MV5BMTYyMzM3MzgyNV5BMl5BanBnXkFtZTcwMTI4MzUyMQ@@._V1._SX320.jpg;Rating,True;Released,tt0319061;Runtime,8.1;Plot,Big Fish;Actors,9 Jan 2004;
Director,1992;Language,Geoffrey Wright;Genre,de;Rated,NC-17;Writer,Action, Drama;Poster,Geoffrey Wright;Response,14296;ID,http://ia.media-imdb.com/images/M/MV5BMTIxNjgxNDA4MV5BMl5BanBnXkFtZTcwNTY4NDEzMQ@@._V1._SX320.jpg;Rating,True;Released,tt0105275;Runtime,6.9;Plot,Romper Stomper;Actors,12 Nov 1992;
Director,2009;Language,Yann Arthus-Bertrand;Genre,en;Rated,7;Writer,Documentary;Poster,Isabelle Delannoy, Yann Arthus-Bertrand;Response,6286;ID,http://ia.media-imdb.com/images/M/MV5BMTM3ODYyNTM4N15BMl5BanBnXkFtZTcwOTI0MDM2Mg@@._V1._SX320.jpg;Rating,True;Released,tt1014762;Runtime,8.4;Plot,Home;Actors,5 Jun 2009;
Director,1998;Language,Guy Ritchie;Genre,en;Rated,R;Writer,Crime, Thriller;Poster,Guy Ritchie;Response,135320;ID,http://ia.media-imdb.com/images/M/MV5BMTM5MTk2MTQwMV5BMl5BanBnXkFtZTcwNzk2NDEyMQ@@._V1._SX320.jpg;Rating,True;Released,tt0120735;Runtime,8.2;Plot,Lock, Stock and Two Smoking Barrels;Actors,5 Mar 1999;
Director,2000;Language,Guy Ritchie;Genre,de;Rated,R;Writer,Crime, Thriller;Poster,Guy Ritchie;Response,186869;ID,http://ia.media-imdb.com/images/M/MV5BMjAxMzE0MDA4OF5BMl5BanBnXkFtZTYwOTM5Mzk4._V1._SX320.jpg;Rating,True;Released,tt0208092;Runtime,8.3;Plot,Snatch.;Actors,19 Jan 2001;
Director,2010;Language,Andy Tennant;Genre,en;Rated,PG-13;Writer,Action, Comedy, Romance;Poster,Sarah Thorp;Response,21556;ID,http://ia.media-imdb.com/images/M/MV5BMTUwNjY4MjY0MV5BMl5BanBnXkFtZTcwNTA2OTYwMw@@._V1._SX320.jpg;Rating,True;Released,tt1038919;Runtime,5.1;Plot,The Bounty Hunter;Actors,19 Mar 2010;
Director,2010;Language,Christopher Nolan;Genre,en;Rated,PG-13;Writer,Action, Mystery, Sci-Fi, Thriller;Poster,Christopher Nolan;Response,331721;ID,http://ia.media-imdb.com/images/M/MV5BMjAxMzY3NjcxNF5BMl5BanBnXkFtZTcwNTI5OTM0Mw@@._V1._SX320.jpg;Rating,True;Released,tt1375666;Runtime,8.9;Plot,Inception;Actors,16 Jul 2010;
Director,2005;Language,Rosa von Praunheim;Genre,de;Rated,13;Writer,Documentary;Poster,Rosa von Praunheim;Response,56;ID,N/A;Rating,True;Released,tt0454902;Runtime,6.0;Plot,Heroes and Gay Nazis;Actors,N/A;
Director,2003;Language,John Junkerman;Genre,en;Rated,Unrated;Writer,Documentary;Poster,N/A;Response,319;ID,http://ia.media-imdb.com/images/M/MV5BMTUzMjE0NTEyN15BMl5BanBnXkFtZTcwMzU1MjAyMQ@@._V1._SX320.jpg;Rating,True;Released,tt0361959;Runtime,7.7;Plot,Noam Chomsky: Distorted Morality;Actors,N/A;
